{"frames":{"char10_bw.png":{"frame":{"x":2,"y":2,"w":34,"h":40},"rotated":false,"trimmed":true,"spriteSourceSize":{"x":3,"y":0,"w":34,"h":40},"sourceSize":{"w":40,"h":40},"pivot":{"x":0.5,"y":0.5}},"char10.png":{"frame":{"x":40,"y":2,"w":34,"h":40},"rotated":false,"trimmed":true,"spriteSourceSize":{"x":3,"y":0,"w":34,"h":40},"sourceSize":{"w":40,"h":40},"pivot":{"x":0.5,"y":0.5}},"char11_bw.png":{"frame":{"x":2,"y":46,"w":40,"h":40},"rotated":false,"trimmed":false,"spriteSourceSize":{"x":0,"y":0,"w":40,"h":40},"sourceSize":{"w":40,"h":40},"pivot":{"x":0.5,"y":0.5}},"char11.png":{"frame":{"x":46,"y":46,"w":40,"h":40},"rotated":false,"trimmed":false,"spriteSourceSize":{"x":0,"y":0,"w":40,"h":40},"sourceSize":{"w":40,"h":40},"pivot":{"x":0.5,"y":0.5}},"char2_bw.png":{"frame":{"x":78,"y":2,"w":39,"h":40},"rotated":false,"trimmed":true,"spriteSourceSize":{"x":0,"y":0,"w":39,"h":40},"sourceSize":{"w":40,"h":40},"pivot":{"x":0.5,"y":0.5}},"char2.png":{"frame":{"x":2,"y":90,"w":39,"h":40},"rotated":false,"trimmed":true,"spriteSourceSize":{"x":0,"y":0,"w":39,"h":40},"sourceSize":{"w":40,"h":40},"pivot":{"x":0.5,"y":0.5}},"char3_bw.png":{"frame":{"x":45,"y":90,"w":38,"h":40},"rotated":false,"trimmed":true,"spriteSourceSize":{"x":0,"y":0,"w":38,"h":40},"sourceSize":{"w":40,"h":40},"pivot":{"x":0.5,"y":0.5}},"char3.png":{"frame":{"x":87,"y":90,"w":38,"h":40},"rotated":false,"trimmed":true,"spriteSourceSize":{"x":0,"y":0,"w":38,"h":40},"sourceSize":{"w":40,"h":40},"pivot":{"x":0.5,"y":0.5}},"char4_bw.png":{"frame":{"x":90,"y":46,"w":39,"h":40},"rotated":false,"trimmed":true,"spriteSourceSize":{"x":0,"y":0,"w":39,"h":40},"sourceSize":{"w":40,"h":40},"pivot":{"x":0.5,"y":0.5}},"char4.png":{"frame":{"x":121,"y":2,"w":39,"h":40},"rotated":false,"trimmed":true,"spriteSourceSize":{"x":0,"y":0,"w":39,"h":40},"sourceSize":{"w":40,"h":40},"pivot":{"x":0.5,"y":0.5}},"char6_bw.png":{"frame":{"x":2,"y":134,"w":37,"h":40},"rotated":false,"trimmed":true,"spriteSourceSize":{"x":0,"y":0,"w":37,"h":40},"sourceSize":{"w":40,"h":40},"pivot":{"x":0.5,"y":0.5}},"char6.png":{"frame":{"x":43,"y":134,"w":37,"h":40},"rotated":false,"trimmed":true,"spriteSourceSize":{"x":0,"y":0,"w":37,"h":40},"sourceSize":{"w":40,"h":40},"pivot":{"x":0.5,"y":0.5}},"char7_bw.png":{"frame":{"x":84,"y":134,"w":40,"h":40},"rotated":false,"trimmed":false,"spriteSourceSize":{"x":0,"y":0,"w":40,"h":40},"sourceSize":{"w":40,"h":40},"pivot":{"x":0.5,"y":0.5}},"char7.png":{"frame":{"x":128,"y":134,"w":40,"h":40},"rotated":false,"trimmed":false,"spriteSourceSize":{"x":0,"y":0,"w":40,"h":40},"sourceSize":{"w":40,"h":40},"pivot":{"x":0.5,"y":0.5}},"char8_bw.png":{"frame":{"x":129,"y":90,"w":40,"h":40},"rotated":false,"trimmed":false,"spriteSourceSize":{"x":0,"y":0,"w":40,"h":40},"sourceSize":{"w":40,"h":40},"pivot":{"x":0.5,"y":0.5}},"char8.png":{"frame":{"x":133,"y":46,"w":40,"h":40},"rotated":false,"trimmed":false,"spriteSourceSize":{"x":0,"y":0,"w":40,"h":40},"sourceSize":{"w":40,"h":40},"pivot":{"x":0.5,"y":0.5}},"char9_bw.png":{"frame":{"x":164,"y":2,"w":36,"h":40},"rotated":false,"trimmed":true,"spriteSourceSize":{"x":2,"y":0,"w":36,"h":40},"sourceSize":{"w":40,"h":40},"pivot":{"x":0.5,"y":0.5}},"char9.png":{"frame":{"x":2,"y":178,"w":36,"h":40},"rotated":false,"trimmed":true,"spriteSourceSize":{"x":2,"y":0,"w":36,"h":40},"sourceSize":{"w":40,"h":40},"pivot":{"x":0.5,"y":0.5}},"char1_bw.png":{"frame":{"x":42,"y":178,"w":35,"h":39},"rotated":false,"trimmed":true,"spriteSourceSize":{"x":2,"y":1,"w":35,"h":39},"sourceSize":{"w":40,"h":40},"pivot":{"x":0.5,"y":0.5}},"char1.png":{"frame":{"x":81,"y":178,"w":35,"h":39},"rotated":false,"trimmed":true,"spriteSourceSize":{"x":2,"y":1,"w":35,"h":39},"sourceSize":{"w":40,"h":40},"pivot":{"x":0.5,"y":0.5}},"char5_bw.png":{"frame":{"x":120,"y":178,"w":35,"h":39},"rotated":false,"trimmed":true,"spriteSourceSize":{"x":2,"y":1,"w":35,"h":39},"sourceSize":{"w":40,"h":40},"pivot":{"x":0.5,"y":0.5}},"char5.png":{"frame":{"x":159,"y":178,"w":35,"h":39},"rotated":false,"trimmed":true,"spriteSourceSize":{"x":2,"y":1,"w":35,"h":39},"sourceSize":{"w":40,"h":40},"pivot":{"x":0.5,"y":0.5}}},"meta":{"app":"http://github.com/odrick/free-tex-packer-core","version":"0.1.9","image":"character_images.png","format":"RGBA8888","size":{"w":2048,"h":2048},"scale":1}}