{"frames":{"lawnmower-guy-asset-131.png":{"frame":{"x":2,"y":2,"w":871,"h":520},"rotated":false,"trimmed":false,"spriteSourceSize":{"x":0,"y":0,"w":871,"h":520},"sourceSize":{"w":871,"h":520},"pivot":{"x":0.5,"y":0.5}},"lawnmower-guy-asset-128.png":{"frame":{"x":2,"y":526,"w":303,"h":219},"rotated":false,"trimmed":false,"spriteSourceSize":{"x":0,"y":0,"w":303,"h":219},"sourceSize":{"w":303,"h":219},"pivot":{"x":0.5,"y":0.5}},"lawnmower-guy-asset-130.png":{"frame":{"x":309,"y":526,"w":275,"h":189},"rotated":false,"trimmed":false,"spriteSourceSize":{"x":0,"y":0,"w":275,"h":189},"sourceSize":{"w":275,"h":189},"pivot":{"x":0.5,"y":0.5}},"lawnmower-guy-asset-143.png":{"frame":{"x":2,"y":749,"w":170,"h":271},"rotated":false,"trimmed":false,"spriteSourceSize":{"x":0,"y":0,"w":170,"h":271},"sourceSize":{"w":170,"h":271},"pivot":{"x":0.5,"y":0.5}},"lawnmower-guy-asset-140.png":{"frame":{"x":176,"y":749,"w":170,"h":268},"rotated":false,"trimmed":false,"spriteSourceSize":{"x":0,"y":0,"w":170,"h":268},"sourceSize":{"w":170,"h":268},"pivot":{"x":0.5,"y":0.5}},"lawnmower-guy-asset-141.png":{"frame":{"x":350,"y":719,"w":165,"h":263},"rotated":false,"trimmed":false,"spriteSourceSize":{"x":0,"y":0,"w":165,"h":263},"sourceSize":{"w":165,"h":263},"pivot":{"x":0.5,"y":0.5}},"lawnmower-guy-asset-137.png":{"frame":{"x":519,"y":719,"w":165,"h":261},"rotated":false,"trimmed":false,"spriteSourceSize":{"x":0,"y":0,"w":165,"h":261},"sourceSize":{"w":165,"h":261},"pivot":{"x":0.5,"y":0.5}},"lawnmower-guy-asset-129.png":{"frame":{"x":588,"y":526,"w":214,"h":168},"rotated":false,"trimmed":false,"spriteSourceSize":{"x":0,"y":0,"w":214,"h":168},"sourceSize":{"w":214,"h":168},"pivot":{"x":0.5,"y":0.5}},"lawnmower-guy-asset-144.png":{"frame":{"x":688,"y":698,"w":170,"h":206},"rotated":false,"trimmed":false,"spriteSourceSize":{"x":0,"y":0,"w":170,"h":206},"sourceSize":{"w":170,"h":206},"pivot":{"x":0.5,"y":0.5}},"lawnmower-guy-asset-157.png":{"frame":{"x":877,"y":2,"w":204,"h":142},"rotated":false,"trimmed":false,"spriteSourceSize":{"x":0,"y":0,"w":204,"h":142},"sourceSize":{"w":204,"h":142},"pivot":{"x":0.5,"y":0.5}},"lawnmower-guy-asset-138.png":{"frame":{"x":877,"y":148,"w":165,"h":198},"rotated":false,"trimmed":false,"spriteSourceSize":{"x":0,"y":0,"w":165,"h":198},"sourceSize":{"w":165,"h":198},"pivot":{"x":0.5,"y":0.5}},"lawnmower-guy-asset-135.png":{"frame":{"x":877,"y":350,"w":119,"h":197},"rotated":false,"trimmed":false,"spriteSourceSize":{"x":0,"y":0,"w":119,"h":197},"sourceSize":{"w":119,"h":197},"pivot":{"x":0.5,"y":0.5}},"lawnmower-guy-asset-134.png":{"frame":{"x":862,"y":551,"w":123,"h":195},"rotated":false,"trimmed":false,"spriteSourceSize":{"x":0,"y":0,"w":123,"h":195},"sourceSize":{"w":123,"h":195},"pivot":{"x":0.5,"y":0.5}},"lawnmower-guy-asset-152.png":{"frame":{"x":862,"y":750,"w":95,"h":191},"rotated":false,"trimmed":false,"spriteSourceSize":{"x":0,"y":0,"w":95,"h":191},"sourceSize":{"w":95,"h":191},"pivot":{"x":0.5,"y":0.5}},"lawnmower-guy-asset-155.png":{"frame":{"x":961,"y":750,"w":95,"h":190},"rotated":false,"trimmed":false,"spriteSourceSize":{"x":0,"y":0,"w":95,"h":190},"sourceSize":{"w":95,"h":190},"pivot":{"x":0.5,"y":0.5}},"lawnmower-guy-asset-149.png":{"frame":{"x":2,"y":1024,"w":95,"h":188},"rotated":false,"trimmed":false,"spriteSourceSize":{"x":0,"y":0,"w":95,"h":188},"sourceSize":{"w":95,"h":188},"pivot":{"x":0.5,"y":0.5}},"lawnmower-guy-asset-153.png":{"frame":{"x":101,"y":1024,"w":95,"h":188},"rotated":false,"trimmed":false,"spriteSourceSize":{"x":0,"y":0,"w":95,"h":188},"sourceSize":{"w":95,"h":188},"pivot":{"x":0.5,"y":0.5}},"lawnmower-guy-asset-159.png":{"frame":{"x":200,"y":1021,"w":136,"h":186},"rotated":false,"trimmed":false,"spriteSourceSize":{"x":0,"y":0,"w":136,"h":186},"sourceSize":{"w":136,"h":186},"pivot":{"x":0.5,"y":0.5}},"lawnmower-guy-asset-133.png":{"frame":{"x":961,"y":944,"w":117,"h":177},"rotated":false,"trimmed":false,"spriteSourceSize":{"x":0,"y":0,"w":117,"h":177},"sourceSize":{"w":117,"h":177},"pivot":{"x":0.5,"y":0.5}},"lawnmower-guy-asset-132.png":{"frame":{"x":340,"y":1021,"w":121,"h":174},"rotated":false,"trimmed":false,"spriteSourceSize":{"x":0,"y":0,"w":121,"h":174},"sourceSize":{"w":121,"h":174},"pivot":{"x":0.5,"y":0.5}},"lawnmower-guy-asset-142.png":{"frame":{"x":688,"y":908,"w":143,"h":158},"rotated":false,"trimmed":false,"spriteSourceSize":{"x":0,"y":0,"w":143,"h":158},"sourceSize":{"w":143,"h":158},"pivot":{"x":0.5,"y":0.5}},"lawnmower-guy-asset-145.png":{"frame":{"x":1000,"y":350,"w":74,"h":156},"rotated":false,"trimmed":false,"spriteSourceSize":{"x":0,"y":0,"w":74,"h":156},"sourceSize":{"w":74,"h":156},"pivot":{"x":0.5,"y":0.5}},"lawnmower-guy-asset-158.png":{"frame":{"x":519,"y":984,"w":127,"h":156},"rotated":false,"trimmed":false,"spriteSourceSize":{"x":0,"y":0,"w":127,"h":156},"sourceSize":{"w":127,"h":156},"pivot":{"x":0.5,"y":0.5}},"lawnmower-guy-asset-139.png":{"frame":{"x":1085,"y":2,"w":143,"h":155},"rotated":false,"trimmed":false,"spriteSourceSize":{"x":0,"y":0,"w":143,"h":155},"sourceSize":{"w":143,"h":155},"pivot":{"x":0.5,"y":0.5}},"lawnmower-guy-asset-146.png":{"frame":{"x":1046,"y":161,"w":77,"h":150},"rotated":false,"trimmed":false,"spriteSourceSize":{"x":0,"y":0,"w":77,"h":150},"sourceSize":{"w":77,"h":150},"pivot":{"x":0.5,"y":0.5}},"lawnmower-guy-asset-156.png":{"frame":{"x":1127,"y":161,"w":95,"h":143},"rotated":false,"trimmed":false,"spriteSourceSize":{"x":0,"y":0,"w":95,"h":143},"sourceSize":{"w":95,"h":143},"pivot":{"x":0.5,"y":0.5}},"lawnmower-guy-asset-150.png":{"frame":{"x":650,"y":1070,"w":95,"h":140},"rotated":false,"trimmed":false,"spriteSourceSize":{"x":0,"y":0,"w":95,"h":140},"sourceSize":{"w":95,"h":140},"pivot":{"x":0.5,"y":0.5}},"lawnmower-guy-asset-136.png":{"frame":{"x":465,"y":1144,"w":135,"h":67},"rotated":false,"trimmed":false,"spriteSourceSize":{"x":0,"y":0,"w":135,"h":67},"sourceSize":{"w":135,"h":67},"pivot":{"x":0.5,"y":0.5}},"lawnmower-guy-asset-151.png":{"frame":{"x":1127,"y":308,"w":77,"h":112},"rotated":false,"trimmed":false,"spriteSourceSize":{"x":0,"y":0,"w":77,"h":112},"sourceSize":{"w":77,"h":112},"pivot":{"x":0.5,"y":0.5}},"lawnmower-guy-asset-154.png":{"frame":{"x":749,"y":1070,"w":77,"h":111},"rotated":false,"trimmed":false,"spriteSourceSize":{"x":0,"y":0,"w":77,"h":111},"sourceSize":{"w":77,"h":111},"pivot":{"x":0.5,"y":0.5}},"lawnmower-guy-asset-165.png":{"frame":{"x":830,"y":1070,"w":64,"h":88},"rotated":false,"trimmed":false,"spriteSourceSize":{"x":0,"y":0,"w":64,"h":88},"sourceSize":{"w":64,"h":88},"pivot":{"x":0.5,"y":0.5}},"lawnmower-guy-asset-166.png":{"frame":{"x":830,"y":1162,"w":87,"h":36},"rotated":false,"trimmed":false,"spriteSourceSize":{"x":0,"y":0,"w":87,"h":36},"sourceSize":{"w":87,"h":36},"pivot":{"x":0.5,"y":0.5}},"lawnmower-guy-asset-162.png":{"frame":{"x":921,"y":1125,"w":85,"h":60},"rotated":false,"trimmed":false,"spriteSourceSize":{"x":0,"y":0,"w":85,"h":60},"sourceSize":{"w":85,"h":60},"pivot":{"x":0.5,"y":0.5}},"lawnmower-guy-asset-163.png":{"frame":{"x":1010,"y":1125,"w":62,"h":79},"rotated":false,"trimmed":false,"spriteSourceSize":{"x":0,"y":0,"w":62,"h":79},"sourceSize":{"w":62,"h":79},"pivot":{"x":0.5,"y":0.5}},"lawnmower-guy-asset-164.png":{"frame":{"x":1076,"y":1125,"w":78,"h":55},"rotated":false,"trimmed":false,"spriteSourceSize":{"x":0,"y":0,"w":78,"h":55},"sourceSize":{"w":78,"h":55},"pivot":{"x":0.5,"y":0.5}},"lawnmower-guy-asset-161.png":{"frame":{"x":835,"y":945,"w":75,"h":56},"rotated":false,"trimmed":false,"spriteSourceSize":{"x":0,"y":0,"w":75,"h":56},"sourceSize":{"w":75,"h":56},"pivot":{"x":0.5,"y":0.5}},"lawnmower-guy-asset-148.png":{"frame":{"x":898,"y":1005,"w":56,"h":69},"rotated":false,"trimmed":false,"spriteSourceSize":{"x":0,"y":0,"w":56,"h":69},"sourceSize":{"w":56,"h":69},"pivot":{"x":0.5,"y":0.5}},"lawnmower-guy-asset-147.png":{"frame":{"x":465,"y":986,"w":50,"h":55},"rotated":false,"trimmed":false,"spriteSourceSize":{"x":0,"y":0,"w":50,"h":55},"sourceSize":{"w":50,"h":55},"pivot":{"x":0.5,"y":0.5}},"lawnmower-guy-asset-167.png":{"frame":{"x":1046,"y":315,"w":18,"h":30},"rotated":false,"trimmed":false,"spriteSourceSize":{"x":0,"y":0,"w":18,"h":30},"sourceSize":{"w":18,"h":30},"pivot":{"x":0.5,"y":0.5}}},"meta":{"app":"http://github.com/odrick/free-tex-packer-core","version":"0.1.9","image":"c.png","format":"RGBA8888","size":{"w":2048,"h":2048},"scale":1}}