{"frames":{"NPC-783.png":{"frame":{"x":2,"y":2,"w":170,"h":271},"rotated":false,"trimmed":false,"spriteSourceSize":{"x":0,"y":0,"w":170,"h":271},"sourceSize":{"w":170,"h":271},"pivot":{"x":0.5,"y":0.5}},"NPC-781.png":{"frame":{"x":176,"y":2,"w":170,"h":268},"rotated":false,"trimmed":false,"spriteSourceSize":{"x":0,"y":0,"w":170,"h":268},"sourceSize":{"w":170,"h":268},"pivot":{"x":0.5,"y":0.5}},"NPC-782.png":{"frame":{"x":2,"y":277,"w":165,"h":263},"rotated":false,"trimmed":false,"spriteSourceSize":{"x":0,"y":0,"w":165,"h":263},"sourceSize":{"w":165,"h":263},"pivot":{"x":0.5,"y":0.5}},"NPC-780.png":{"frame":{"x":171,"y":277,"w":165,"h":261},"rotated":false,"trimmed":false,"spriteSourceSize":{"x":0,"y":0,"w":165,"h":261},"sourceSize":{"w":165,"h":261},"pivot":{"x":0.5,"y":0.5}},"NPC-863.png":{"frame":{"x":350,"y":2,"w":83,"h":257},"rotated":false,"trimmed":false,"spriteSourceSize":{"x":0,"y":0,"w":83,"h":257},"sourceSize":{"w":83,"h":257},"pivot":{"x":0.5,"y":0.5}},"NPC-861.png":{"frame":{"x":350,"y":263,"w":83,"h":255},"rotated":false,"trimmed":false,"spriteSourceSize":{"x":0,"y":0,"w":83,"h":255},"sourceSize":{"w":83,"h":255},"pivot":{"x":0.5,"y":0.5}},"NPC-862.png":{"frame":{"x":437,"y":2,"w":90,"h":250},"rotated":false,"trimmed":false,"spriteSourceSize":{"x":0,"y":0,"w":90,"h":250},"sourceSize":{"w":90,"h":250},"pivot":{"x":0.5,"y":0.5}},"NPC-819.png":{"frame":{"x":437,"y":256,"w":90,"h":245},"rotated":false,"trimmed":false,"spriteSourceSize":{"x":0,"y":0,"w":90,"h":245},"sourceSize":{"w":90,"h":245},"pivot":{"x":0.5,"y":0.5}},"NPC-818.png":{"frame":{"x":531,"y":2,"w":90,"h":242},"rotated":false,"trimmed":false,"spriteSourceSize":{"x":0,"y":0,"w":90,"h":242},"sourceSize":{"w":90,"h":242},"pivot":{"x":0.5,"y":0.5}},"NPC-840.png":{"frame":{"x":2,"y":544,"w":91,"h":242},"rotated":false,"trimmed":false,"spriteSourceSize":{"x":0,"y":0,"w":91,"h":242},"sourceSize":{"w":91,"h":242},"pivot":{"x":0.5,"y":0.5}},"NPC-772.png":{"frame":{"x":340,"y":522,"w":239,"h":186},"rotated":false,"trimmed":false,"spriteSourceSize":{"x":0,"y":0,"w":239,"h":186},"sourceSize":{"w":239,"h":186},"pivot":{"x":0.5,"y":0.5}},"NPC-841.png":{"frame":{"x":97,"y":544,"w":91,"h":237},"rotated":false,"trimmed":false,"spriteSourceSize":{"x":0,"y":0,"w":91,"h":237},"sourceSize":{"w":91,"h":237},"pivot":{"x":0.5,"y":0.5}},"NPC-816.png":{"frame":{"x":192,"y":542,"w":91,"h":225},"rotated":false,"trimmed":false,"spriteSourceSize":{"x":0,"y":0,"w":91,"h":225},"sourceSize":{"w":91,"h":225},"pivot":{"x":0.5,"y":0.5}},"NPC-814.png":{"frame":{"x":531,"y":248,"w":79,"h":224},"rotated":false,"trimmed":false,"spriteSourceSize":{"x":0,"y":0,"w":79,"h":224},"sourceSize":{"w":79,"h":224},"pivot":{"x":0.5,"y":0.5}},"NPC-836.png":{"frame":{"x":625,"y":2,"w":79,"h":224},"rotated":false,"trimmed":false,"spriteSourceSize":{"x":0,"y":0,"w":79,"h":224},"sourceSize":{"w":79,"h":224},"pivot":{"x":0.5,"y":0.5}},"NPC-817.png":{"frame":{"x":625,"y":230,"w":77,"h":223},"rotated":false,"trimmed":false,"spriteSourceSize":{"x":0,"y":0,"w":77,"h":223},"sourceSize":{"w":77,"h":223},"pivot":{"x":0.5,"y":0.5}},"NPC-815.png":{"frame":{"x":614,"y":457,"w":77,"h":222},"rotated":false,"trimmed":false,"spriteSourceSize":{"x":0,"y":0,"w":77,"h":222},"sourceSize":{"w":77,"h":222},"pivot":{"x":0.5,"y":0.5}},"NPC-837.png":{"frame":{"x":708,"y":2,"w":78,"h":220},"rotated":false,"trimmed":false,"spriteSourceSize":{"x":0,"y":0,"w":78,"h":220},"sourceSize":{"w":78,"h":220},"pivot":{"x":0.5,"y":0.5}},"NPC-838.png":{"frame":{"x":695,"y":457,"w":90,"h":220},"rotated":false,"trimmed":false,"spriteSourceSize":{"x":0,"y":0,"w":90,"h":220},"sourceSize":{"w":90,"h":220},"pivot":{"x":0.5,"y":0.5}},"NPC-839.png":{"frame":{"x":708,"y":226,"w":78,"h":216},"rotated":false,"trimmed":false,"spriteSourceSize":{"x":0,"y":0,"w":78,"h":216},"sourceSize":{"w":78,"h":216},"pivot":{"x":0.5,"y":0.5}},"NPC-811.png":{"frame":{"x":790,"y":2,"w":89,"h":206},"rotated":false,"trimmed":false,"spriteSourceSize":{"x":0,"y":0,"w":89,"h":206},"sourceSize":{"w":89,"h":206},"pivot":{"x":0.5,"y":0.5}},"NPC-812.png":{"frame":{"x":2,"y":790,"w":92,"h":203},"rotated":false,"trimmed":false,"spriteSourceSize":{"x":0,"y":0,"w":92,"h":203},"sourceSize":{"w":92,"h":203},"pivot":{"x":0.5,"y":0.5}},"NPC-788.png":{"frame":{"x":98,"y":785,"w":119,"h":197},"rotated":false,"trimmed":false,"spriteSourceSize":{"x":0,"y":0,"w":119,"h":197},"sourceSize":{"w":119,"h":197},"pivot":{"x":0.5,"y":0.5}},"NPC-842.png":{"frame":{"x":790,"y":212,"w":62,"h":195},"rotated":false,"trimmed":false,"spriteSourceSize":{"x":0,"y":0,"w":62,"h":195},"sourceSize":{"w":62,"h":195},"pivot":{"x":0.5,"y":0.5}},"NPC-787.png":{"frame":{"x":221,"y":771,"w":123,"h":195},"rotated":false,"trimmed":false,"spriteSourceSize":{"x":0,"y":0,"w":123,"h":195},"sourceSize":{"w":123,"h":195},"pivot":{"x":0.5,"y":0.5}},"NPC-854.png":{"frame":{"x":790,"y":411,"w":80,"h":193},"rotated":false,"trimmed":true,"spriteSourceSize":{"x":0,"y":1,"w":80,"h":193},"sourceSize":{"w":80,"h":194},"pivot":{"x":0.5,"y":0.5}},"NPC-791.png":{"frame":{"x":695,"y":681,"w":95,"h":191},"rotated":false,"trimmed":false,"spriteSourceSize":{"x":0,"y":0,"w":95,"h":191},"sourceSize":{"w":95,"h":191},"pivot":{"x":0.5,"y":0.5}},"NPC-793.png":{"frame":{"x":583,"y":683,"w":95,"h":190},"rotated":false,"trimmed":false,"spriteSourceSize":{"x":0,"y":0,"w":95,"h":190},"sourceSize":{"w":95,"h":190},"pivot":{"x":0.5,"y":0.5}},"NPC-843.png":{"frame":{"x":794,"y":608,"w":60,"h":189},"rotated":false,"trimmed":false,"spriteSourceSize":{"x":0,"y":0,"w":60,"h":189},"sourceSize":{"w":60,"h":189},"pivot":{"x":0.5,"y":0.5}},"NPC-821.png":{"frame":{"x":794,"y":801,"w":72,"h":189},"rotated":false,"trimmed":false,"spriteSourceSize":{"x":0,"y":0,"w":72,"h":189},"sourceSize":{"w":72,"h":189},"pivot":{"x":0.5,"y":0.5}},"NPC-790.png":{"frame":{"x":348,"y":712,"w":95,"h":188},"rotated":false,"trimmed":false,"spriteSourceSize":{"x":0,"y":0,"w":95,"h":188},"sourceSize":{"w":95,"h":188},"pivot":{"x":0.5,"y":0.5}},"NPC-792.png":{"frame":{"x":447,"y":712,"w":95,"h":188},"rotated":false,"trimmed":false,"spriteSourceSize":{"x":0,"y":0,"w":95,"h":188},"sourceSize":{"w":95,"h":188},"pivot":{"x":0.5,"y":0.5}},"NPC-820.png":{"frame":{"x":883,"y":2,"w":62,"h":186},"rotated":false,"trimmed":false,"spriteSourceSize":{"x":0,"y":0,"w":62,"h":186},"sourceSize":{"w":62,"h":186},"pivot":{"x":0.5,"y":0.5}},"NPC-785.png":{"frame":{"x":949,"y":2,"w":117,"h":177},"rotated":false,"trimmed":false,"spriteSourceSize":{"x":0,"y":0,"w":117,"h":177},"sourceSize":{"w":117,"h":177},"pivot":{"x":0.5,"y":0.5}},"NPC-784.png":{"frame":{"x":858,"y":608,"w":121,"h":174},"rotated":false,"trimmed":false,"spriteSourceSize":{"x":0,"y":0,"w":121,"h":174},"sourceSize":{"w":121,"h":174},"pivot":{"x":0.5,"y":0.5}},"NPC-856.png":{"frame":{"x":983,"y":183,"w":80,"h":172},"rotated":false,"trimmed":true,"spriteSourceSize":{"x":0,"y":1,"w":80,"h":172},"sourceSize":{"w":80,"h":173},"pivot":{"x":0.5,"y":0.5}},"NPC-853.png":{"frame":{"x":983,"y":359,"w":60,"h":165},"rotated":false,"trimmed":false,"spriteSourceSize":{"x":0,"y":0,"w":60,"h":165},"sourceSize":{"w":60,"h":165},"pivot":{"x":0.5,"y":0.5}},"NPC-796.png":{"frame":{"x":983,"y":528,"w":74,"h":156},"rotated":false,"trimmed":false,"spriteSourceSize":{"x":0,"y":0,"w":74,"h":156},"sourceSize":{"w":74,"h":156},"pivot":{"x":0.5,"y":0.5}},"NPC-797.png":{"frame":{"x":983,"y":688,"w":77,"h":150},"rotated":false,"trimmed":false,"spriteSourceSize":{"x":0,"y":0,"w":77,"h":150},"sourceSize":{"w":77,"h":150},"pivot":{"x":0.5,"y":0.5}},"NPC-855.png":{"frame":{"x":870,"y":842,"w":67,"h":145},"rotated":false,"trimmed":false,"spriteSourceSize":{"x":0,"y":0,"w":67,"h":145},"sourceSize":{"w":67,"h":145},"pivot":{"x":0.5,"y":0.5}},"NPC-799.png":{"frame":{"x":941,"y":842,"w":52,"h":144},"rotated":false,"trimmed":false,"spriteSourceSize":{"x":0,"y":0,"w":52,"h":144},"sourceSize":{"w":52,"h":144},"pivot":{"x":0.5,"y":0.5}},"NPC-801.png":{"frame":{"x":997,"y":842,"w":52,"h":143},"rotated":false,"trimmed":false,"spriteSourceSize":{"x":0,"y":0,"w":52,"h":143},"sourceSize":{"w":52,"h":143},"pivot":{"x":0.5,"y":0.5}},"NPC-845.png":{"frame":{"x":287,"y":542,"w":44,"h":138},"rotated":false,"trimmed":false,"spriteSourceSize":{"x":0,"y":0,"w":44,"h":138},"sourceSize":{"w":44,"h":138},"pivot":{"x":0.5,"y":0.5}},"NPC-847.png":{"frame":{"x":883,"y":192,"w":44,"h":136},"rotated":false,"trimmed":false,"spriteSourceSize":{"x":0,"y":0,"w":44,"h":136},"sourceSize":{"w":44,"h":136},"pivot":{"x":0.5,"y":0.5}},"NPC-789.png":{"frame":{"x":348,"y":904,"w":135,"h":67},"rotated":false,"trimmed":false,"spriteSourceSize":{"x":0,"y":0,"w":135,"h":67},"sourceSize":{"w":135,"h":67},"pivot":{"x":0.5,"y":0.5}},"NPC-857.png":{"frame":{"x":874,"y":332,"w":53,"h":135},"rotated":false,"trimmed":false,"spriteSourceSize":{"x":0,"y":0,"w":53,"h":135},"sourceSize":{"w":53,"h":135},"pivot":{"x":0.5,"y":0.5}},"NPC-858.png":{"frame":{"x":2,"y":997,"w":57,"h":134},"rotated":false,"trimmed":false,"spriteSourceSize":{"x":0,"y":0,"w":57,"h":134},"sourceSize":{"w":57,"h":134},"pivot":{"x":0.5,"y":0.5}},"NPC-798.png":{"frame":{"x":874,"y":471,"w":44,"h":133},"rotated":false,"trimmed":false,"spriteSourceSize":{"x":0,"y":0,"w":44,"h":133},"sourceSize":{"w":44,"h":133},"pivot":{"x":0.5,"y":0.5}},"NPC-844.png":{"frame":{"x":922,"y":471,"w":44,"h":133},"rotated":false,"trimmed":false,"spriteSourceSize":{"x":0,"y":0,"w":44,"h":133},"sourceSize":{"w":44,"h":133},"pivot":{"x":0.5,"y":0.5}},"NPC-800.png":{"frame":{"x":63,"y":997,"w":45,"h":132},"rotated":false,"trimmed":false,"spriteSourceSize":{"x":0,"y":0,"w":45,"h":132},"sourceSize":{"w":45,"h":132},"pivot":{"x":0.5,"y":0.5}},"NPC-846.png":{"frame":{"x":931,"y":192,"w":44,"h":131},"rotated":false,"trimmed":false,"spriteSourceSize":{"x":0,"y":0,"w":44,"h":131},"sourceSize":{"w":44,"h":131},"pivot":{"x":0.5,"y":0.5}},"NPC-849.png":{"frame":{"x":112,"y":994,"w":39,"h":130},"rotated":false,"trimmed":false,"spriteSourceSize":{"x":0,"y":0,"w":39,"h":130},"sourceSize":{"w":39,"h":130},"pivot":{"x":0.5,"y":0.5}},"NPC-779.png":{"frame":{"x":155,"y":994,"w":126,"h":119},"rotated":false,"trimmed":false,"spriteSourceSize":{"x":0,"y":0,"w":126,"h":119},"sourceSize":{"w":126,"h":119},"pivot":{"x":0.5,"y":0.5}},"NPC-802.png":{"frame":{"x":931,"y":327,"w":39,"h":124},"rotated":false,"trimmed":false,"spriteSourceSize":{"x":0,"y":0,"w":39,"h":124},"sourceSize":{"w":39,"h":124},"pivot":{"x":0.5,"y":0.5}},"NPC-806.png":{"frame":{"x":997,"y":989,"w":61,"h":122},"rotated":false,"trimmed":false,"spriteSourceSize":{"x":0,"y":0,"w":61,"h":122},"sourceSize":{"w":61,"h":122},"pivot":{"x":0.5,"y":0.5}},"NPC-850.png":{"frame":{"x":941,"y":990,"w":39,"h":122},"rotated":false,"trimmed":false,"spriteSourceSize":{"x":0,"y":0,"w":39,"h":122},"sourceSize":{"w":39,"h":122},"pivot":{"x":0.5,"y":0.5}},"NPC-778.png":{"frame":{"x":682,"y":876,"w":101,"h":118},"rotated":false,"trimmed":false,"spriteSourceSize":{"x":0,"y":0,"w":101,"h":118},"sourceSize":{"w":101,"h":118},"pivot":{"x":0.5,"y":0.5}},"NPC-803.png":{"frame":{"x":285,"y":998,"w":39,"h":117},"rotated":false,"trimmed":false,"spriteSourceSize":{"x":0,"y":0,"w":39,"h":117},"sourceSize":{"w":39,"h":117},"pivot":{"x":0.5,"y":0.5}},"NPC-808.png":{"frame":{"x":870,"y":991,"w":66,"h":114},"rotated":false,"trimmed":false,"spriteSourceSize":{"x":0,"y":0,"w":66,"h":114},"sourceSize":{"w":66,"h":114},"pivot":{"x":0.5,"y":0.5}},"NPC-807.png":{"frame":{"x":787,"y":994,"w":73,"h":107},"rotated":false,"trimmed":false,"spriteSourceSize":{"x":0,"y":0,"w":73,"h":107},"sourceSize":{"w":73,"h":107},"pivot":{"x":0.5,"y":0.5}},"NPC-810.png":{"frame":{"x":328,"y":998,"w":71,"h":93},"rotated":false,"trimmed":false,"spriteSourceSize":{"x":0,"y":0,"w":71,"h":93},"sourceSize":{"w":71,"h":93},"pivot":{"x":0.5,"y":0.5}},"NPC-833.png":{"frame":{"x":546,"y":877,"w":92,"h":86},"rotated":false,"trimmed":false,"spriteSourceSize":{"x":0,"y":0,"w":92,"h":86},"sourceSize":{"w":92,"h":86},"pivot":{"x":0.5,"y":0.5}},"NPC-827.png":{"frame":{"x":403,"y":998,"w":88,"h":89},"rotated":false,"trimmed":false,"spriteSourceSize":{"x":0,"y":0,"w":88,"h":89},"sourceSize":{"w":88,"h":89},"pivot":{"x":0.5,"y":0.5}},"NPC-775.png":{"frame":{"x":495,"y":998,"w":64,"h":88},"rotated":false,"trimmed":false,"spriteSourceSize":{"x":0,"y":0,"w":64,"h":88},"sourceSize":{"w":64,"h":88},"pivot":{"x":0.5,"y":0.5}},"NPC-826.png":{"frame":{"x":563,"y":967,"w":86,"h":81},"rotated":false,"trimmed":false,"spriteSourceSize":{"x":0,"y":0,"w":86,"h":81},"sourceSize":{"w":86,"h":81},"pivot":{"x":0.5,"y":0.5}},"NPC-834.png":{"frame":{"x":653,"y":998,"w":61,"h":86},"rotated":false,"trimmed":false,"spriteSourceSize":{"x":0,"y":0,"w":61,"h":86},"sourceSize":{"w":61,"h":86},"pivot":{"x":0.5,"y":0.5}},"NPC-773.png":{"frame":{"x":563,"y":1052,"w":85,"h":60},"rotated":false,"trimmed":false,"spriteSourceSize":{"x":0,"y":0,"w":85,"h":60},"sourceSize":{"w":85,"h":60},"pivot":{"x":0.5,"y":0.5}},"NPC-823.png":{"frame":{"x":487,"y":904,"w":51,"h":85},"rotated":false,"trimmed":false,"spriteSourceSize":{"x":0,"y":0,"w":51,"h":85},"sourceSize":{"w":51,"h":85},"pivot":{"x":0.5,"y":0.5}},"NPC-809.png":{"frame":{"x":1070,"y":2,"w":81,"h":84},"rotated":false,"trimmed":false,"spriteSourceSize":{"x":0,"y":0,"w":81,"h":84},"sourceSize":{"w":81,"h":84},"pivot":{"x":0.5,"y":0.5}},"NPC-822.png":{"frame":{"x":1070,"y":90,"w":80,"h":68},"rotated":false,"trimmed":false,"spriteSourceSize":{"x":0,"y":0,"w":80,"h":68},"sourceSize":{"w":80,"h":68},"pivot":{"x":0.5,"y":0.5}},"NPC-774.png":{"frame":{"x":718,"y":998,"w":62,"h":79},"rotated":false,"trimmed":false,"spriteSourceSize":{"x":0,"y":0,"w":62,"h":79},"sourceSize":{"w":62,"h":79},"pivot":{"x":0.5,"y":0.5}},"NPC-776.png":{"frame":{"x":1070,"y":162,"w":78,"h":55},"rotated":false,"trimmed":false,"spriteSourceSize":{"x":0,"y":0,"w":78,"h":55},"sourceSize":{"w":78,"h":55},"pivot":{"x":0.5,"y":0.5}},"NPC-830.png":{"frame":{"x":1067,"y":221,"w":55,"h":78},"rotated":false,"trimmed":false,"spriteSourceSize":{"x":0,"y":0,"w":55,"h":78},"sourceSize":{"w":55,"h":78},"pivot":{"x":0.5,"y":0.5}},"NPC-825.png":{"frame":{"x":403,"y":1091,"w":76,"h":40},"rotated":false,"trimmed":false,"spriteSourceSize":{"x":0,"y":0,"w":76,"h":40},"sourceSize":{"w":76,"h":40},"pivot":{"x":0.5,"y":0.5}},"NPC-860.png":{"frame":{"x":287,"y":684,"w":48,"h":74},"rotated":false,"trimmed":false,"spriteSourceSize":{"x":0,"y":0,"w":48,"h":74},"sourceSize":{"w":48,"h":74},"pivot":{"x":0.5,"y":0.5}},"NPC-824.png":{"frame":{"x":1067,"y":303,"w":51,"h":73},"rotated":false,"trimmed":false,"spriteSourceSize":{"x":0,"y":0,"w":51,"h":73},"sourceSize":{"w":51,"h":73},"pivot":{"x":0.5,"y":0.5}},"NPC-828.png":{"frame":{"x":870,"y":786,"w":70,"h":45},"rotated":false,"trimmed":false,"spriteSourceSize":{"x":0,"y":0,"w":70,"h":45},"sourceSize":{"w":70,"h":45},"pivot":{"x":0.5,"y":0.5}},"NPC-777.png":{"frame":{"x":1064,"y":380,"w":69,"h":62},"rotated":false,"trimmed":false,"spriteSourceSize":{"x":0,"y":0,"w":69,"h":62},"sourceSize":{"w":69,"h":62},"pivot":{"x":0.5,"y":0.5}},"NPC-795.png":{"frame":{"x":1047,"y":446,"w":56,"h":69},"rotated":false,"trimmed":false,"spriteSourceSize":{"x":0,"y":0,"w":56,"h":69},"sourceSize":{"w":56,"h":69},"pivot":{"x":0.5,"y":0.5}},"NPC-832.png":{"frame":{"x":495,"y":1090,"w":62,"h":34},"rotated":false,"trimmed":false,"spriteSourceSize":{"x":0,"y":0,"w":62,"h":34},"sourceSize":{"w":62,"h":34},"pivot":{"x":0.5,"y":0.5}},"NPC-829.png":{"frame":{"x":1064,"y":519,"w":49,"h":60},"rotated":false,"trimmed":false,"spriteSourceSize":{"x":0,"y":0,"w":49,"h":60},"sourceSize":{"w":49,"h":60},"pivot":{"x":0.5,"y":0.5}},"NPC-805.png":{"frame":{"x":1107,"y":446,"w":37,"h":59},"rotated":false,"trimmed":false,"spriteSourceSize":{"x":0,"y":0,"w":37,"h":59},"sourceSize":{"w":37,"h":59},"pivot":{"x":0.5,"y":0.5}},"NPC-835.png":{"frame":{"x":1064,"y":583,"w":51,"h":58},"rotated":false,"trimmed":false,"spriteSourceSize":{"x":0,"y":0,"w":51,"h":58},"sourceSize":{"w":51,"h":58},"pivot":{"x":0.5,"y":0.5}},"NPC-813.png":{"frame":{"x":1064,"y":645,"w":50,"h":56},"rotated":false,"trimmed":false,"spriteSourceSize":{"x":0,"y":0,"w":50,"h":56},"sourceSize":{"w":50,"h":56},"pivot":{"x":0.5,"y":0.5}},"NPC-794.png":{"frame":{"x":1064,"y":705,"w":50,"h":55},"rotated":false,"trimmed":false,"spriteSourceSize":{"x":0,"y":0,"w":50,"h":55},"sourceSize":{"w":50,"h":55},"pivot":{"x":0.5,"y":0.5}},"NPC-859.png":{"frame":{"x":1064,"y":764,"w":44,"h":54},"rotated":false,"trimmed":false,"spriteSourceSize":{"x":0,"y":0,"w":44,"h":54},"sourceSize":{"w":44,"h":54},"pivot":{"x":0.5,"y":0.5}},"NPC-831.png":{"frame":{"x":718,"y":1081,"w":53,"h":44},"rotated":false,"trimmed":false,"spriteSourceSize":{"x":0,"y":0,"w":53,"h":44},"sourceSize":{"w":53,"h":44},"pivot":{"x":0.5,"y":0.5}},"NPC-852.png":{"frame":{"x":642,"y":877,"w":36,"h":52},"rotated":false,"trimmed":false,"spriteSourceSize":{"x":0,"y":0,"w":36,"h":52},"sourceSize":{"w":36,"h":52},"pivot":{"x":0.5,"y":0.5}},"NPC-804.png":{"frame":{"x":531,"y":476,"w":34,"h":42},"rotated":false,"trimmed":false,"spriteSourceSize":{"x":0,"y":0,"w":34,"h":42},"sourceSize":{"w":34,"h":42},"pivot":{"x":0.5,"y":0.5}},"NPC-851.png":{"frame":{"x":328,"y":1095,"w":32,"h":36},"rotated":false,"trimmed":false,"spriteSourceSize":{"x":0,"y":0,"w":32,"h":36},"sourceSize":{"w":32,"h":36},"pivot":{"x":0.5,"y":0.5}}},"meta":{"app":"http://github.com/odrick/free-tex-packer-core","version":"0.1.9","image":"i.png","format":"RGBA8888","size":{"w":2048,"h":2048},"scale":1}}