{"frames":{"NPC-597.png":{"frame":{"x":2,"y":2,"w":93,"h":258},"rotated":false,"trimmed":false,"spriteSourceSize":{"x":0,"y":0,"w":93,"h":258},"sourceSize":{"w":93,"h":258},"pivot":{"x":0.5,"y":0.5}},"NPC-599.png":{"frame":{"x":99,"y":2,"w":93,"h":258},"rotated":false,"trimmed":false,"spriteSourceSize":{"x":0,"y":0,"w":93,"h":258},"sourceSize":{"w":93,"h":258},"pivot":{"x":0.5,"y":0.5}},"NPC-596.png":{"frame":{"x":196,"y":2,"w":83,"h":254},"rotated":false,"trimmed":false,"spriteSourceSize":{"x":0,"y":0,"w":83,"h":254},"sourceSize":{"w":83,"h":254},"pivot":{"x":0.5,"y":0.5}},"NPC-598.png":{"frame":{"x":196,"y":260,"w":83,"h":254},"rotated":false,"trimmed":false,"spriteSourceSize":{"x":0,"y":0,"w":83,"h":254},"sourceSize":{"w":83,"h":254},"pivot":{"x":0.5,"y":0.5}},"explosion-animations-93.png":{"frame":{"x":283,"y":2,"w":248,"h":219},"rotated":false,"trimmed":false,"spriteSourceSize":{"x":0,"y":0,"w":248,"h":219},"sourceSize":{"w":248,"h":219},"pivot":{"x":0.5,"y":0.5}},"explosion-animations-94.png":{"frame":{"x":283,"y":225,"w":248,"h":219},"rotated":false,"trimmed":false,"spriteSourceSize":{"x":0,"y":0,"w":248,"h":219},"sourceSize":{"w":248,"h":219},"pivot":{"x":0.5,"y":0.5}},"explosion-animations-95.png":{"frame":{"x":283,"y":448,"w":248,"h":220},"rotated":false,"trimmed":false,"spriteSourceSize":{"x":0,"y":0,"w":248,"h":220},"sourceSize":{"w":248,"h":220},"pivot":{"x":0.5,"y":0.5}},"explosion-animations-96.png":{"frame":{"x":2,"y":518,"w":248,"h":221},"rotated":false,"trimmed":false,"spriteSourceSize":{"x":0,"y":0,"w":248,"h":221},"sourceSize":{"w":248,"h":221},"pivot":{"x":0.5,"y":0.5}},"explosion-animations-97.png":{"frame":{"x":535,"y":2,"w":248,"h":221},"rotated":false,"trimmed":false,"spriteSourceSize":{"x":0,"y":0,"w":248,"h":221},"sourceSize":{"w":248,"h":221},"pivot":{"x":0.5,"y":0.5}},"explosion-animations-100.png":{"frame":{"x":535,"y":227,"w":247,"h":223},"rotated":false,"trimmed":false,"spriteSourceSize":{"x":0,"y":0,"w":247,"h":223},"sourceSize":{"w":247,"h":223},"pivot":{"x":0.5,"y":0.5}},"explosion-animations-101.png":{"frame":{"x":535,"y":454,"w":247,"h":224},"rotated":false,"trimmed":false,"spriteSourceSize":{"x":0,"y":0,"w":247,"h":224},"sourceSize":{"w":247,"h":224},"pivot":{"x":0.5,"y":0.5}},"explosion-animations-90.png":{"frame":{"x":2,"y":743,"w":247,"h":218},"rotated":false,"trimmed":false,"spriteSourceSize":{"x":0,"y":0,"w":247,"h":218},"sourceSize":{"w":247,"h":218},"pivot":{"x":0.5,"y":0.5}},"explosion-animations-91.png":{"frame":{"x":253,"y":743,"w":247,"h":218},"rotated":false,"trimmed":false,"spriteSourceSize":{"x":0,"y":0,"w":247,"h":218},"sourceSize":{"w":247,"h":218},"pivot":{"x":0.5,"y":0.5}},"explosion-animations-92.png":{"frame":{"x":504,"y":682,"w":247,"h":218},"rotated":false,"trimmed":false,"spriteSourceSize":{"x":0,"y":0,"w":247,"h":218},"sourceSize":{"w":247,"h":218},"pivot":{"x":0.5,"y":0.5}},"explosion-animations-98.png":{"frame":{"x":787,"y":2,"w":247,"h":222},"rotated":false,"trimmed":false,"spriteSourceSize":{"x":0,"y":0,"w":247,"h":222},"sourceSize":{"w":247,"h":222},"pivot":{"x":0.5,"y":0.5}},"explosion-animations-99.png":{"frame":{"x":786,"y":228,"w":247,"h":222},"rotated":false,"trimmed":false,"spriteSourceSize":{"x":0,"y":0,"w":247,"h":222},"sourceSize":{"w":247,"h":222},"pivot":{"x":0.5,"y":0.5}},"explosion-animations-103.png":{"frame":{"x":786,"y":454,"w":246,"h":214},"rotated":false,"trimmed":false,"spriteSourceSize":{"x":0,"y":0,"w":246,"h":214},"sourceSize":{"w":246,"h":214},"pivot":{"x":0.5,"y":0.5}},"explosion-animations-102.png":{"frame":{"x":786,"y":672,"w":246,"h":224},"rotated":false,"trimmed":false,"spriteSourceSize":{"x":0,"y":0,"w":246,"h":224},"sourceSize":{"w":246,"h":224},"pivot":{"x":0.5,"y":0.5}},"explosion-animations-104.png":{"frame":{"x":2,"y":965,"w":245,"h":214},"rotated":false,"trimmed":false,"spriteSourceSize":{"x":0,"y":0,"w":245,"h":214},"sourceSize":{"w":245,"h":214},"pivot":{"x":0.5,"y":0.5}},"explosion-animations-105.png":{"frame":{"x":251,"y":965,"w":245,"h":205},"rotated":false,"trimmed":false,"spriteSourceSize":{"x":0,"y":0,"w":245,"h":205},"sourceSize":{"w":245,"h":205},"pivot":{"x":0.5,"y":0.5}},"explosion-animations-89.png":{"frame":{"x":500,"y":965,"w":245,"h":217},"rotated":false,"trimmed":false,"spriteSourceSize":{"x":0,"y":0,"w":245,"h":217},"sourceSize":{"w":245,"h":217},"pivot":{"x":0.5,"y":0.5}},"explosion-animations-106.png":{"frame":{"x":755,"y":900,"w":244,"h":205},"rotated":false,"trimmed":false,"spriteSourceSize":{"x":0,"y":0,"w":244,"h":205},"sourceSize":{"w":244,"h":205},"pivot":{"x":0.5,"y":0.5}},"explosion-animations-88.png":{"frame":{"x":1038,"y":2,"w":242,"h":217},"rotated":false,"trimmed":false,"spriteSourceSize":{"x":0,"y":0,"w":242,"h":217},"sourceSize":{"w":242,"h":217},"pivot":{"x":0.5,"y":0.5}},"explosion-animations-87.png":{"frame":{"x":1038,"y":223,"w":240,"h":217},"rotated":false,"trimmed":false,"spriteSourceSize":{"x":0,"y":0,"w":240,"h":217},"sourceSize":{"w":240,"h":217},"pivot":{"x":0.5,"y":0.5}},"explosion-animations-86.png":{"frame":{"x":1037,"y":444,"w":237,"h":217},"rotated":false,"trimmed":false,"spriteSourceSize":{"x":0,"y":0,"w":237,"h":217},"sourceSize":{"w":237,"h":217},"pivot":{"x":0.5,"y":0.5}},"explosion-animations-107.png":{"frame":{"x":1036,"y":665,"w":236,"h":190},"rotated":false,"trimmed":false,"spriteSourceSize":{"x":0,"y":0,"w":236,"h":190},"sourceSize":{"w":236,"h":190},"pivot":{"x":0.5,"y":0.5}},"explosion-animations-108.png":{"frame":{"x":1036,"y":859,"w":236,"h":204},"rotated":false,"trimmed":false,"spriteSourceSize":{"x":0,"y":0,"w":236,"h":204},"sourceSize":{"w":236,"h":204},"pivot":{"x":0.5,"y":0.5}},"explosion-animations-85.png":{"frame":{"x":2,"y":1186,"w":235,"h":214},"rotated":false,"trimmed":false,"spriteSourceSize":{"x":0,"y":0,"w":235,"h":214},"sourceSize":{"w":235,"h":214},"pivot":{"x":0.5,"y":0.5}},"explosion-animations-84.png":{"frame":{"x":241,"y":1186,"w":234,"h":212},"rotated":false,"trimmed":false,"spriteSourceSize":{"x":0,"y":0,"w":234,"h":212},"sourceSize":{"w":234,"h":212},"pivot":{"x":0.5,"y":0.5}},"explosion-animations-83.png":{"frame":{"x":479,"y":1186,"w":232,"h":210},"rotated":false,"trimmed":false,"spriteSourceSize":{"x":0,"y":0,"w":232,"h":210},"sourceSize":{"w":232,"h":210},"pivot":{"x":0.5,"y":0.5}},"explosion-animations-82.png":{"frame":{"x":715,"y":1186,"w":229,"h":210},"rotated":false,"trimmed":false,"spriteSourceSize":{"x":0,"y":0,"w":229,"h":210},"sourceSize":{"w":229,"h":210},"pivot":{"x":0.5,"y":0.5}},"explosion-animations-81.png":{"frame":{"x":1003,"y":1067,"w":225,"h":207},"rotated":false,"trimmed":false,"spriteSourceSize":{"x":0,"y":0,"w":225,"h":207},"sourceSize":{"w":225,"h":207},"pivot":{"x":0.5,"y":0.5}},"explosion-animations-61.png":{"frame":{"x":948,"y":1109,"w":49,"h":221},"rotated":false,"trimmed":false,"spriteSourceSize":{"x":0,"y":0,"w":49,"h":221},"sourceSize":{"w":49,"h":221},"pivot":{"x":0.5,"y":0.5}},"explosion-animations-80.png":{"frame":{"x":1284,"y":2,"w":221,"h":203},"rotated":false,"trimmed":false,"spriteSourceSize":{"x":0,"y":0,"w":221,"h":203},"sourceSize":{"w":221,"h":203},"pivot":{"x":0.5,"y":0.5}},"explosion-animations-109.png":{"frame":{"x":1284,"y":209,"w":217,"h":152},"rotated":false,"trimmed":false,"spriteSourceSize":{"x":0,"y":0,"w":217,"h":152},"sourceSize":{"w":217,"h":152},"pivot":{"x":0.5,"y":0.5}},"explosion-animations-79.png":{"frame":{"x":1282,"y":365,"w":217,"h":202},"rotated":false,"trimmed":false,"spriteSourceSize":{"x":0,"y":0,"w":217,"h":202},"sourceSize":{"w":217,"h":202},"pivot":{"x":0.5,"y":0.5}},"explosion-animations-78.png":{"frame":{"x":1278,"y":571,"w":213,"h":198},"rotated":false,"trimmed":false,"spriteSourceSize":{"x":0,"y":0,"w":213,"h":198},"sourceSize":{"w":213,"h":198},"pivot":{"x":0.5,"y":0.5}},"explosion-animations-77.png":{"frame":{"x":1276,"y":773,"w":202,"h":190},"rotated":false,"trimmed":false,"spriteSourceSize":{"x":0,"y":0,"w":202,"h":190},"sourceSize":{"w":202,"h":190},"pivot":{"x":0.5,"y":0.5}},"explosion-animations-64.png":{"frame":{"x":1276,"y":967,"w":198,"h":182},"rotated":false,"trimmed":false,"spriteSourceSize":{"x":0,"y":0,"w":198,"h":182},"sourceSize":{"w":198,"h":182},"pivot":{"x":0.5,"y":0.5}},"explosion-animations-76.png":{"frame":{"x":2,"y":264,"w":190,"h":178},"rotated":false,"trimmed":false,"spriteSourceSize":{"x":0,"y":0,"w":190,"h":178},"sourceSize":{"w":190,"h":178},"pivot":{"x":0.5,"y":0.5}},"explosion-animations-110.png":{"frame":{"x":1232,"y":1153,"w":186,"h":152},"rotated":false,"trimmed":false,"spriteSourceSize":{"x":0,"y":0,"w":186,"h":152},"sourceSize":{"w":186,"h":152},"pivot":{"x":0.5,"y":0.5}},"explosion-animations-111.png":{"frame":{"x":2,"y":1404,"w":179,"h":151},"rotated":false,"trimmed":false,"spriteSourceSize":{"x":0,"y":0,"w":179,"h":151},"sourceSize":{"w":179,"h":151},"pivot":{"x":0.5,"y":0.5}},"explosion-animations-75.png":{"frame":{"x":948,"y":1334,"w":176,"h":173},"rotated":false,"trimmed":false,"spriteSourceSize":{"x":0,"y":0,"w":176,"h":173},"sourceSize":{"w":176,"h":173},"pivot":{"x":0.5,"y":0.5}},"explosion-animations-74.png":{"frame":{"x":1128,"y":1309,"w":163,"h":169},"rotated":false,"trimmed":false,"spriteSourceSize":{"x":0,"y":0,"w":163,"h":169},"sourceSize":{"w":163,"h":169},"pivot":{"x":0.5,"y":0.5}},"explosion-animations-73.png":{"frame":{"x":1295,"y":1309,"w":153,"h":161},"rotated":false,"trimmed":false,"spriteSourceSize":{"x":0,"y":0,"w":153,"h":161},"sourceSize":{"w":153,"h":161},"pivot":{"x":0.5,"y":0.5}},"explosion-animations-72.png":{"frame":{"x":241,"y":1402,"w":145,"h":153},"rotated":false,"trimmed":false,"spriteSourceSize":{"x":0,"y":0,"w":145,"h":153},"sourceSize":{"w":145,"h":153},"pivot":{"x":0.5,"y":0.5}},"explosion-animations-71.png":{"frame":{"x":390,"y":1402,"w":134,"h":141},"rotated":false,"trimmed":false,"spriteSourceSize":{"x":0,"y":0,"w":134,"h":141},"sourceSize":{"w":134,"h":141},"pivot":{"x":0.5,"y":0.5}},"explosion-animations-112.png":{"frame":{"x":1001,"y":1278,"w":122,"h":51},"rotated":false,"trimmed":false,"spriteSourceSize":{"x":0,"y":0,"w":122,"h":51},"sourceSize":{"w":122,"h":51},"pivot":{"x":0.5,"y":0.5}},"explosion-animations-113.png":{"frame":{"x":528,"y":1511,"w":115,"h":35},"rotated":false,"trimmed":false,"spriteSourceSize":{"x":0,"y":0,"w":115,"h":35},"sourceSize":{"w":115,"h":35},"pivot":{"x":0.5,"y":0.5}},"NPC-593.png":{"frame":{"x":528,"y":1400,"w":91,"h":102},"rotated":false,"trimmed":false,"spriteSourceSize":{"x":0,"y":0,"w":91,"h":102},"sourceSize":{"w":91,"h":102},"pivot":{"x":0.5,"y":0.5}},"explosion-animations-70.png":{"frame":{"x":623,"y":1400,"w":99,"h":96},"rotated":false,"trimmed":false,"spriteSourceSize":{"x":0,"y":0,"w":99,"h":96},"sourceSize":{"w":99,"h":96},"pivot":{"x":0.5,"y":0.5}},"NPC-594.png":{"frame":{"x":1295,"y":1474,"w":66,"h":74},"rotated":false,"trimmed":false,"spriteSourceSize":{"x":0,"y":0,"w":66,"h":74},"sourceSize":{"w":66,"h":74},"pivot":{"x":0.5,"y":0.5}},"NPC-595.png":{"frame":{"x":647,"y":1511,"w":41,"h":37},"rotated":false,"trimmed":false,"spriteSourceSize":{"x":0,"y":0,"w":41,"h":37},"sourceSize":{"w":41,"h":37},"pivot":{"x":0.5,"y":0.5}},"explosion-animations-62.png":{"frame":{"x":390,"y":1552,"w":4,"h":3},"rotated":false,"trimmed":false,"spriteSourceSize":{"x":0,"y":0,"w":4,"h":3},"sourceSize":{"w":4,"h":3},"pivot":{"x":0.5,"y":0.5}},"explosion-animations-63.png":{"frame":{"x":398,"y":1552,"w":3,"h":3},"rotated":false,"trimmed":false,"spriteSourceSize":{"x":0,"y":0,"w":3,"h":3},"sourceSize":{"w":3,"h":3},"pivot":{"x":0.5,"y":0.5}}},"meta":{"app":"http://github.com/odrick/free-tex-packer-core","version":"0.1.9","image":"b.png","format":"RGBA8888","size":{"w":2048,"h":2048},"scale":1}}