{"frames":{"irresponsible-mom-asset-84.png":{"frame":{"x":2,"y":2,"w":386,"h":228},"rotated":false,"trimmed":false,"spriteSourceSize":{"x":0,"y":0,"w":386,"h":228},"sourceSize":{"w":386,"h":228},"pivot":{"x":0.5,"y":0.5}},"irresponsible-mom-asset-83.png":{"frame":{"x":2,"y":234,"w":118,"h":291},"rotated":false,"trimmed":false,"spriteSourceSize":{"x":0,"y":0,"w":118,"h":291},"sourceSize":{"w":118,"h":291},"pivot":{"x":0.5,"y":0.5}},"irresponsible-mom-asset-85.png":{"frame":{"x":124,"y":234,"w":120,"h":120},"rotated":false,"trimmed":false,"spriteSourceSize":{"x":0,"y":0,"w":120,"h":120},"sourceSize":{"w":120,"h":120},"pivot":{"x":0.5,"y":0.5}},"irresponsible-mom-asset-92.png":{"frame":{"x":124,"y":358,"w":61,"h":119},"rotated":false,"trimmed":false,"spriteSourceSize":{"x":0,"y":0,"w":61,"h":119},"sourceSize":{"w":61,"h":119},"pivot":{"x":0.5,"y":0.5}},"irresponsible-mom-asset-124.png":{"frame":{"x":189,"y":358,"w":43,"h":113},"rotated":false,"trimmed":false,"spriteSourceSize":{"x":0,"y":0,"w":43,"h":113},"sourceSize":{"w":43,"h":113},"pivot":{"x":0.5,"y":0.5}},"irresponsible-mom-asset-138.png":{"frame":{"x":236,"y":358,"w":43,"h":113},"rotated":false,"trimmed":false,"spriteSourceSize":{"x":0,"y":0,"w":43,"h":113},"sourceSize":{"w":43,"h":113},"pivot":{"x":0.5,"y":0.5}},"irresponsible-mom-asset-121.png":{"frame":{"x":248,"y":234,"w":43,"h":112},"rotated":false,"trimmed":false,"spriteSourceSize":{"x":0,"y":0,"w":43,"h":112},"sourceSize":{"w":43,"h":112},"pivot":{"x":0.5,"y":0.5}},"irresponsible-mom-asset-135.png":{"frame":{"x":295,"y":234,"w":43,"h":112},"rotated":false,"trimmed":false,"spriteSourceSize":{"x":0,"y":0,"w":43,"h":112},"sourceSize":{"w":43,"h":112},"pivot":{"x":0.5,"y":0.5}},"irresponsible-mom-asset-76.png":{"frame":{"x":392,"y":2,"w":110,"h":90},"rotated":false,"trimmed":false,"spriteSourceSize":{"x":0,"y":0,"w":110,"h":90},"sourceSize":{"w":110,"h":90},"pivot":{"x":0.5,"y":0.5}},"irresponsible-mom-asset-91.png":{"frame":{"x":392,"y":96,"w":56,"h":109},"rotated":false,"trimmed":false,"spriteSourceSize":{"x":0,"y":0,"w":56,"h":109},"sourceSize":{"w":56,"h":109},"pivot":{"x":0.5,"y":0.5}},"irresponsible-mom-asset-81.png":{"frame":{"x":392,"y":209,"w":106,"h":108},"rotated":false,"trimmed":false,"spriteSourceSize":{"x":0,"y":0,"w":106,"h":108},"sourceSize":{"w":106,"h":108},"pivot":{"x":0.5,"y":0.5}},"irresponsible-mom-asset-122.png":{"frame":{"x":452,"y":96,"w":41,"h":107},"rotated":false,"trimmed":false,"spriteSourceSize":{"x":0,"y":0,"w":41,"h":107},"sourceSize":{"w":41,"h":107},"pivot":{"x":0.5,"y":0.5}},"irresponsible-mom-asset-136.png":{"frame":{"x":342,"y":234,"w":41,"h":107},"rotated":false,"trimmed":false,"spriteSourceSize":{"x":0,"y":0,"w":41,"h":107},"sourceSize":{"w":41,"h":107},"pivot":{"x":0.5,"y":0.5}},"irresponsible-mom-asset-118.png":{"frame":{"x":283,"y":350,"w":41,"h":106},"rotated":false,"trimmed":false,"spriteSourceSize":{"x":0,"y":0,"w":41,"h":106},"sourceSize":{"w":41,"h":106},"pivot":{"x":0.5,"y":0.5}},"irresponsible-mom-asset-132.png":{"frame":{"x":328,"y":350,"w":41,"h":106},"rotated":false,"trimmed":false,"spriteSourceSize":{"x":0,"y":0,"w":41,"h":106},"sourceSize":{"w":41,"h":106},"pivot":{"x":0.5,"y":0.5}},"irresponsible-mom-asset-82.png":{"frame":{"x":387,"y":321,"w":105,"h":68},"rotated":false,"trimmed":false,"spriteSourceSize":{"x":0,"y":0,"w":105,"h":68},"sourceSize":{"w":105,"h":68},"pivot":{"x":0.5,"y":0.5}},"irresponsible-mom-asset-141.png":{"frame":{"x":373,"y":393,"w":55,"h":101},"rotated":false,"trimmed":false,"spriteSourceSize":{"x":0,"y":0,"w":55,"h":101},"sourceSize":{"w":55,"h":101},"pivot":{"x":0.5,"y":0.5}},"irresponsible-mom-asset-104.png":{"frame":{"x":432,"y":393,"w":32,"h":100},"rotated":false,"trimmed":false,"spriteSourceSize":{"x":0,"y":0,"w":32,"h":100},"sourceSize":{"w":32,"h":100},"pivot":{"x":0.5,"y":0.5}},"irresponsible-mom-asset-140.png":{"frame":{"x":506,"y":2,"w":54,"h":98},"rotated":false,"trimmed":false,"spriteSourceSize":{"x":0,"y":0,"w":54,"h":98},"sourceSize":{"w":54,"h":98},"pivot":{"x":0.5,"y":0.5}},"irresponsible-mom-asset-144.png":{"frame":{"x":497,"y":104,"w":54,"h":98},"rotated":false,"trimmed":false,"spriteSourceSize":{"x":0,"y":0,"w":54,"h":98},"sourceSize":{"w":54,"h":98},"pivot":{"x":0.5,"y":0.5}},"irresponsible-mom-asset-145.png":{"frame":{"x":502,"y":206,"w":54,"h":98},"rotated":false,"trimmed":false,"spriteSourceSize":{"x":0,"y":0,"w":54,"h":98},"sourceSize":{"w":54,"h":98},"pivot":{"x":0.5,"y":0.5}},"irresponsible-mom-asset-125.png":{"frame":{"x":502,"y":308,"w":43,"h":96},"rotated":false,"trimmed":false,"spriteSourceSize":{"x":0,"y":0,"w":43,"h":96},"sourceSize":{"w":43,"h":96},"pivot":{"x":0.5,"y":0.5}},"irresponsible-mom-asset-139.png":{"frame":{"x":468,"y":408,"w":43,"h":96},"rotated":false,"trimmed":false,"spriteSourceSize":{"x":0,"y":0,"w":43,"h":96},"sourceSize":{"w":43,"h":96},"pivot":{"x":0.5,"y":0.5}},"irresponsible-mom-asset-101.png":{"frame":{"x":515,"y":408,"w":32,"h":95},"rotated":false,"trimmed":false,"spriteSourceSize":{"x":0,"y":0,"w":32,"h":95},"sourceSize":{"w":32,"h":95},"pivot":{"x":0.5,"y":0.5}},"irresponsible-mom-asset-112.png":{"frame":{"x":2,"y":529,"w":29,"h":95},"rotated":false,"trimmed":false,"spriteSourceSize":{"x":0,"y":0,"w":29,"h":95},"sourceSize":{"w":29,"h":95},"pivot":{"x":0.5,"y":0.5}},"irresponsible-mom-asset-79.png":{"frame":{"x":35,"y":529,"w":92,"h":95},"rotated":false,"trimmed":false,"spriteSourceSize":{"x":0,"y":0,"w":92,"h":95},"sourceSize":{"w":92,"h":95},"pivot":{"x":0.5,"y":0.5}},"irresponsible-mom-asset-109.png":{"frame":{"x":432,"y":497,"w":29,"h":94},"rotated":false,"trimmed":false,"spriteSourceSize":{"x":0,"y":0,"w":29,"h":94},"sourceSize":{"w":29,"h":94},"pivot":{"x":0.5,"y":0.5}},"irresponsible-mom-asset-102.png":{"frame":{"x":515,"y":507,"w":27,"h":93},"rotated":false,"trimmed":false,"spriteSourceSize":{"x":0,"y":0,"w":27,"h":93},"sourceSize":{"w":27,"h":93},"pivot":{"x":0.5,"y":0.5}},"irresponsible-mom-asset-110.png":{"frame":{"x":465,"y":508,"w":27,"h":92},"rotated":false,"trimmed":false,"spriteSourceSize":{"x":0,"y":0,"w":27,"h":92},"sourceSize":{"w":27,"h":92},"pivot":{"x":0.5,"y":0.5}},"irresponsible-mom-asset-143.png":{"frame":{"x":131,"y":498,"w":35,"h":92},"rotated":false,"trimmed":false,"spriteSourceSize":{"x":0,"y":0,"w":35,"h":92},"sourceSize":{"w":35,"h":92},"pivot":{"x":0.5,"y":0.5}},"irresponsible-mom-asset-75.png":{"frame":{"x":170,"y":498,"w":92,"h":54},"rotated":false,"trimmed":false,"spriteSourceSize":{"x":0,"y":0,"w":92,"h":54},"sourceSize":{"w":92,"h":54},"pivot":{"x":0.5,"y":0.5}},"irresponsible-mom-asset-106.png":{"frame":{"x":266,"y":498,"w":26,"h":91},"rotated":false,"trimmed":false,"spriteSourceSize":{"x":0,"y":0,"w":26,"h":91},"sourceSize":{"w":26,"h":91},"pivot":{"x":0.5,"y":0.5}},"irresponsible-mom-asset-119.png":{"frame":{"x":296,"y":460,"w":41,"h":90},"rotated":false,"trimmed":false,"spriteSourceSize":{"x":0,"y":0,"w":41,"h":90},"sourceSize":{"w":41,"h":90},"pivot":{"x":0.5,"y":0.5}},"irresponsible-mom-asset-133.png":{"frame":{"x":341,"y":498,"w":41,"h":90},"rotated":false,"trimmed":false,"spriteSourceSize":{"x":0,"y":0,"w":41,"h":90},"sourceSize":{"w":41,"h":90},"pivot":{"x":0.5,"y":0.5}},"irresponsible-mom-asset-142.png":{"frame":{"x":386,"y":498,"w":32,"h":89},"rotated":false,"trimmed":false,"spriteSourceSize":{"x":0,"y":0,"w":32,"h":89},"sourceSize":{"w":32,"h":89},"pivot":{"x":0.5,"y":0.5}},"irresponsible-mom-asset-73.png":{"frame":{"x":564,"y":2,"w":88,"h":89},"rotated":false,"trimmed":false,"spriteSourceSize":{"x":0,"y":0,"w":88,"h":89},"sourceSize":{"w":88,"h":89},"pivot":{"x":0.5,"y":0.5}},"irresponsible-mom-asset-98.png":{"frame":{"x":549,"y":308,"w":26,"h":89},"rotated":false,"trimmed":false,"spriteSourceSize":{"x":0,"y":0,"w":26,"h":89},"sourceSize":{"w":26,"h":89},"pivot":{"x":0.5,"y":0.5}},"irresponsible-mom-asset-146.png":{"frame":{"x":555,"y":104,"w":32,"h":87},"rotated":false,"trimmed":false,"spriteSourceSize":{"x":0,"y":0,"w":32,"h":87},"sourceSize":{"w":32,"h":87},"pivot":{"x":0.5,"y":0.5}},"irresponsible-mom-asset-77.png":{"frame":{"x":591,"y":95,"w":61,"h":86},"rotated":false,"trimmed":false,"spriteSourceSize":{"x":0,"y":0,"w":61,"h":86},"sourceSize":{"w":61,"h":86},"pivot":{"x":0.5,"y":0.5}},"irresponsible-mom-asset-117.png":{"frame":{"x":560,"y":195,"w":26,"h":85},"rotated":false,"trimmed":false,"spriteSourceSize":{"x":0,"y":0,"w":26,"h":85},"sourceSize":{"w":26,"h":85},"pivot":{"x":0.5,"y":0.5}},"irresponsible-mom-asset-115.png":{"frame":{"x":591,"y":185,"w":27,"h":82},"rotated":false,"trimmed":false,"spriteSourceSize":{"x":0,"y":0,"w":27,"h":82},"sourceSize":{"w":27,"h":82},"pivot":{"x":0.5,"y":0.5}},"irresponsible-mom-asset-114.png":{"frame":{"x":622,"y":185,"w":25,"h":78},"rotated":false,"trimmed":false,"spriteSourceSize":{"x":0,"y":0,"w":25,"h":78},"sourceSize":{"w":25,"h":78},"pivot":{"x":0.5,"y":0.5}},"irresponsible-mom-asset-116.png":{"frame":{"x":622,"y":267,"w":25,"h":78},"rotated":false,"trimmed":false,"spriteSourceSize":{"x":0,"y":0,"w":25,"h":78},"sourceSize":{"w":25,"h":78},"pivot":{"x":0.5,"y":0.5}},"irresponsible-mom-asset-74.png":{"frame":{"x":170,"y":556,"w":76,"h":40},"rotated":false,"trimmed":false,"spriteSourceSize":{"x":0,"y":0,"w":76,"h":40},"sourceSize":{"w":76,"h":40},"pivot":{"x":0.5,"y":0.5}},"irresponsible-mom-asset-89.png":{"frame":{"x":579,"y":349,"w":68,"h":75},"rotated":false,"trimmed":false,"spriteSourceSize":{"x":0,"y":0,"w":68,"h":75},"sourceSize":{"w":68,"h":75},"pivot":{"x":0.5,"y":0.5}},"irresponsible-mom-asset-105.png":{"frame":{"x":546,"y":507,"w":32,"h":71},"rotated":false,"trimmed":false,"spriteSourceSize":{"x":0,"y":0,"w":32,"h":71},"sourceSize":{"w":32,"h":71},"pivot":{"x":0.5,"y":0.5}},"irresponsible-mom-asset-113.png":{"frame":{"x":296,"y":554,"w":29,"h":67},"rotated":false,"trimmed":false,"spriteSourceSize":{"x":0,"y":0,"w":29,"h":67},"sourceSize":{"w":29,"h":67},"pivot":{"x":0.5,"y":0.5}},"irresponsible-mom-asset-107.png":{"frame":{"x":590,"y":271,"w":26,"h":65},"rotated":false,"trimmed":false,"spriteSourceSize":{"x":0,"y":0,"w":26,"h":65},"sourceSize":{"w":26,"h":65},"pivot":{"x":0.5,"y":0.5}},"irresponsible-mom-asset-99.png":{"frame":{"x":551,"y":428,"w":26,"h":65},"rotated":false,"trimmed":false,"spriteSourceSize":{"x":0,"y":0,"w":26,"h":65},"sourceSize":{"w":26,"h":65},"pivot":{"x":0.5,"y":0.5}},"irresponsible-mom-asset-96.png":{"frame":{"x":582,"y":428,"w":64,"h":57},"rotated":false,"trimmed":false,"spriteSourceSize":{"x":0,"y":0,"w":64,"h":57},"sourceSize":{"w":64,"h":57},"pivot":{"x":0.5,"y":0.5}},"irresponsible-mom-asset-80.png":{"frame":{"x":546,"y":582,"w":63,"h":36},"rotated":false,"trimmed":false,"spriteSourceSize":{"x":0,"y":0,"w":63,"h":36},"sourceSize":{"w":63,"h":36},"pivot":{"x":0.5,"y":0.5}},"irresponsible-mom-asset-103.png":{"frame":{"x":613,"y":489,"w":25,"h":62},"rotated":false,"trimmed":false,"spriteSourceSize":{"x":0,"y":0,"w":25,"h":62},"sourceSize":{"w":25,"h":62},"pivot":{"x":0.5,"y":0.5}},"irresponsible-mom-asset-95.png":{"frame":{"x":2,"y":628,"w":62,"h":57},"rotated":false,"trimmed":false,"spriteSourceSize":{"x":0,"y":0,"w":62,"h":57},"sourceSize":{"w":62,"h":57},"pivot":{"x":0.5,"y":0.5}},"irresponsible-mom-asset-111.png":{"frame":{"x":131,"y":625,"w":26,"h":59},"rotated":false,"trimmed":false,"spriteSourceSize":{"x":0,"y":0,"w":26,"h":59},"sourceSize":{"w":26,"h":59},"pivot":{"x":0.5,"y":0.5}},"irresponsible-mom-asset-108.png":{"frame":{"x":161,"y":625,"w":24,"h":58},"rotated":false,"trimmed":false,"spriteSourceSize":{"x":0,"y":0,"w":24,"h":58},"sourceSize":{"w":24,"h":58},"pivot":{"x":0.5,"y":0.5}},"irresponsible-mom-asset-120.png":{"frame":{"x":613,"y":555,"w":37,"h":58},"rotated":false,"trimmed":false,"spriteSourceSize":{"x":0,"y":0,"w":37,"h":58},"sourceSize":{"w":37,"h":58},"pivot":{"x":0.5,"y":0.5}},"irresponsible-mom-asset-123.png":{"frame":{"x":189,"y":625,"w":37,"h":58},"rotated":false,"trimmed":false,"spriteSourceSize":{"x":0,"y":0,"w":37,"h":58},"sourceSize":{"w":37,"h":58},"pivot":{"x":0.5,"y":0.5}},"irresponsible-mom-asset-134.png":{"frame":{"x":613,"y":617,"w":37,"h":58},"rotated":false,"trimmed":false,"spriteSourceSize":{"x":0,"y":0,"w":37,"h":58},"sourceSize":{"w":37,"h":58},"pivot":{"x":0.5,"y":0.5}},"irresponsible-mom-asset-137.png":{"frame":{"x":230,"y":625,"w":37,"h":58},"rotated":false,"trimmed":false,"spriteSourceSize":{"x":0,"y":0,"w":37,"h":58},"sourceSize":{"w":37,"h":58},"pivot":{"x":0.5,"y":0.5}},"irresponsible-mom-asset-78.png":{"frame":{"x":271,"y":625,"w":51,"h":58},"rotated":false,"trimmed":false,"spriteSourceSize":{"x":0,"y":0,"w":51,"h":58},"sourceSize":{"w":51,"h":58},"pivot":{"x":0.5,"y":0.5}},"irresponsible-mom-asset-100.png":{"frame":{"x":68,"y":628,"w":24,"h":57},"rotated":false,"trimmed":false,"spriteSourceSize":{"x":0,"y":0,"w":24,"h":57},"sourceSize":{"w":24,"h":57},"pivot":{"x":0.5,"y":0.5}},"irresponsible-mom-asset-97.png":{"frame":{"x":326,"y":625,"w":38,"h":57},"rotated":false,"trimmed":false,"spriteSourceSize":{"x":0,"y":0,"w":38,"h":57},"sourceSize":{"w":38,"h":57},"pivot":{"x":0.5,"y":0.5}},"irresponsible-mom-asset-93.png":{"frame":{"x":368,"y":622,"w":45,"h":54},"rotated":false,"trimmed":false,"spriteSourceSize":{"x":0,"y":0,"w":45,"h":54},"sourceSize":{"w":45,"h":54},"pivot":{"x":0.5,"y":0.5}},"irresponsible-mom-asset-94.png":{"frame":{"x":417,"y":595,"w":32,"h":46},"rotated":false,"trimmed":false,"spriteSourceSize":{"x":0,"y":0,"w":32,"h":46},"sourceSize":{"w":32,"h":46},"pivot":{"x":0.5,"y":0.5}},"irresponsible-mom-asset-90.png":{"frame":{"x":417,"y":645,"w":43,"h":39},"rotated":false,"trimmed":false,"spriteSourceSize":{"x":0,"y":0,"w":43,"h":39},"sourceSize":{"w":43,"h":39},"pivot":{"x":0.5,"y":0.5}},"irresponsible-mom-asset-87.png":{"frame":{"x":96,"y":628,"w":31,"h":41},"rotated":false,"trimmed":false,"spriteSourceSize":{"x":0,"y":0,"w":31,"h":41},"sourceSize":{"w":31,"h":41},"pivot":{"x":0.5,"y":0.5}},"irresponsible-mom-asset-88.png":{"frame":{"x":464,"y":622,"w":35,"h":41},"rotated":false,"trimmed":false,"spriteSourceSize":{"x":0,"y":0,"w":35,"h":41},"sourceSize":{"w":35,"h":41},"pivot":{"x":0.5,"y":0.5}},"irresponsible-mom-asset-86.png":{"frame":{"x":373,"y":345,"w":10,"h":10},"rotated":false,"trimmed":false,"spriteSourceSize":{"x":0,"y":0,"w":10,"h":10},"sourceSize":{"w":10,"h":10},"pivot":{"x":0.5,"y":0.5}}},"meta":{"app":"http://github.com/odrick/free-tex-packer-core","version":"0.1.9","image":"b.png","format":"RGBA8888","size":{"w":2048,"h":2048},"scale":1}}