{"frames":{"santa-asset-37.png":{"frame":{"x":2,"y":2,"w":111,"h":246},"rotated":false,"trimmed":false,"spriteSourceSize":{"x":0,"y":0,"w":111,"h":246},"sourceSize":{"w":111,"h":246},"pivot":{"x":0.5,"y":0.5}},"santa-asset-53.png":{"frame":{"x":117,"y":2,"w":93,"h":214},"rotated":false,"trimmed":false,"spriteSourceSize":{"x":0,"y":0,"w":93,"h":214},"sourceSize":{"w":93,"h":214},"pivot":{"x":0.5,"y":0.5}},"santa-asset-56.png":{"frame":{"x":214,"y":2,"w":93,"h":214},"rotated":false,"trimmed":false,"spriteSourceSize":{"x":0,"y":0,"w":93,"h":214},"sourceSize":{"w":93,"h":214},"pivot":{"x":0.5,"y":0.5}},"santa-asset-61.png":{"frame":{"x":2,"y":252,"w":94,"h":212},"rotated":false,"trimmed":false,"spriteSourceSize":{"x":0,"y":0,"w":94,"h":212},"sourceSize":{"w":94,"h":212},"pivot":{"x":0.5,"y":0.5}},"santa-asset-50.png":{"frame":{"x":100,"y":252,"w":84,"h":209},"rotated":false,"trimmed":false,"spriteSourceSize":{"x":0,"y":0,"w":84,"h":209},"sourceSize":{"w":84,"h":209},"pivot":{"x":0.5,"y":0.5}},"santa-asset-58.png":{"frame":{"x":188,"y":220,"w":84,"h":209},"rotated":false,"trimmed":false,"spriteSourceSize":{"x":0,"y":0,"w":84,"h":209},"sourceSize":{"w":84,"h":209},"pivot":{"x":0.5,"y":0.5}},"santa-asset-64.png":{"frame":{"x":311,"y":2,"w":94,"h":209},"rotated":false,"trimmed":false,"spriteSourceSize":{"x":0,"y":0,"w":94,"h":209},"sourceSize":{"w":94,"h":209},"pivot":{"x":0.5,"y":0.5}},"santa-asset-54.png":{"frame":{"x":311,"y":215,"w":86,"h":208},"rotated":false,"trimmed":false,"spriteSourceSize":{"x":0,"y":0,"w":86,"h":208},"sourceSize":{"w":86,"h":208},"pivot":{"x":0.5,"y":0.5}},"santa-asset-62.png":{"frame":{"x":409,"y":2,"w":84,"h":206},"rotated":false,"trimmed":false,"spriteSourceSize":{"x":0,"y":0,"w":84,"h":206},"sourceSize":{"w":84,"h":206},"pivot":{"x":0.5,"y":0.5}},"santa-asset-66.png":{"frame":{"x":2,"y":468,"w":99,"h":189},"rotated":false,"trimmed":false,"spriteSourceSize":{"x":0,"y":0,"w":99,"h":189},"sourceSize":{"w":99,"h":189},"pivot":{"x":0.5,"y":0.5}},"santa-asset-70.png":{"frame":{"x":105,"y":465,"w":99,"h":189},"rotated":false,"trimmed":false,"spriteSourceSize":{"x":0,"y":0,"w":99,"h":189},"sourceSize":{"w":99,"h":189},"pivot":{"x":0.5,"y":0.5}},"santa-asset-39.png":{"frame":{"x":208,"y":433,"w":104,"h":189},"rotated":false,"trimmed":false,"spriteSourceSize":{"x":0,"y":0,"w":104,"h":189},"sourceSize":{"w":104,"h":189},"pivot":{"x":0.5,"y":0.5}},"santa-asset-67.png":{"frame":{"x":316,"y":427,"w":99,"h":188},"rotated":false,"trimmed":false,"spriteSourceSize":{"x":0,"y":0,"w":99,"h":188},"sourceSize":{"w":99,"h":188},"pivot":{"x":0.5,"y":0.5}},"santa-asset-57.png":{"frame":{"x":497,"y":2,"w":93,"h":185},"rotated":false,"trimmed":false,"spriteSourceSize":{"x":0,"y":0,"w":93,"h":185},"sourceSize":{"w":93,"h":185},"pivot":{"x":0.5,"y":0.5}},"santa-asset-72.png":{"frame":{"x":497,"y":191,"w":69,"h":183},"rotated":false,"trimmed":false,"spriteSourceSize":{"x":0,"y":0,"w":69,"h":183},"sourceSize":{"w":69,"h":183},"pivot":{"x":0.5,"y":0.5}},"santa-asset-68.png":{"frame":{"x":419,"y":212,"w":74,"h":182},"rotated":false,"trimmed":false,"spriteSourceSize":{"x":0,"y":0,"w":74,"h":182},"sourceSize":{"w":74,"h":182},"pivot":{"x":0.5,"y":0.5}},"santa-asset-69.png":{"frame":{"x":497,"y":378,"w":74,"h":181},"rotated":false,"trimmed":false,"spriteSourceSize":{"x":0,"y":0,"w":74,"h":181},"sourceSize":{"w":74,"h":181},"pivot":{"x":0.5,"y":0.5}},"santa-asset-71.png":{"frame":{"x":594,"y":2,"w":99,"h":181},"rotated":false,"trimmed":false,"spriteSourceSize":{"x":0,"y":0,"w":99,"h":181},"sourceSize":{"w":99,"h":181},"pivot":{"x":0.5,"y":0.5}},"santa-asset-51.png":{"frame":{"x":570,"y":191,"w":84,"h":180},"rotated":false,"trimmed":false,"spriteSourceSize":{"x":0,"y":0,"w":84,"h":180},"sourceSize":{"w":84,"h":180},"pivot":{"x":0.5,"y":0.5}},"santa-asset-65.png":{"frame":{"x":575,"y":375,"w":94,"h":177},"rotated":false,"trimmed":false,"spriteSourceSize":{"x":0,"y":0,"w":94,"h":177},"sourceSize":{"w":94,"h":177},"pivot":{"x":0.5,"y":0.5}},"santa-asset-59.png":{"frame":{"x":2,"y":661,"w":87,"h":174},"rotated":false,"trimmed":false,"spriteSourceSize":{"x":0,"y":0,"w":87,"h":174},"sourceSize":{"w":87,"h":174},"pivot":{"x":0.5,"y":0.5}},"santa-asset-73.png":{"frame":{"x":93,"y":661,"w":71,"h":174},"rotated":false,"trimmed":false,"spriteSourceSize":{"x":0,"y":0,"w":71,"h":174},"sourceSize":{"w":71,"h":174},"pivot":{"x":0.5,"y":0.5}},"Bitmap 196.png":{"frame":{"x":419,"y":398,"w":57,"h":149},"rotated":false,"trimmed":false,"spriteSourceSize":{"x":0,"y":0,"w":57,"h":149},"sourceSize":{"w":57,"h":149},"pivot":{"x":0.5,"y":0.5}},"santa-asset-20.png":{"frame":{"x":419,"y":551,"w":57,"h":145},"rotated":false,"trimmed":false,"spriteSourceSize":{"x":0,"y":0,"w":57,"h":145},"sourceSize":{"w":57,"h":145},"pivot":{"x":0.5,"y":0.5}},"Bitmap 194.png":{"frame":{"x":168,"y":658,"w":51,"h":141},"rotated":false,"trimmed":false,"spriteSourceSize":{"x":0,"y":0,"w":51,"h":141},"sourceSize":{"w":51,"h":141},"pivot":{"x":0.5,"y":0.5}},"santa-asset-15.png":{"frame":{"x":316,"y":619,"w":55,"h":141},"rotated":false,"trimmed":true,"spriteSourceSize":{"x":0,"y":1,"w":55,"h":141},"sourceSize":{"w":55,"h":142},"pivot":{"x":0.5,"y":0.5}},"santa-asset-12.png":{"frame":{"x":223,"y":626,"w":53,"h":139},"rotated":false,"trimmed":true,"spriteSourceSize":{"x":0,"y":1,"w":53,"h":139},"sourceSize":{"w":53,"h":140},"pivot":{"x":0.5,"y":0.5}},"santa-asset-13.png":{"frame":{"x":575,"y":556,"w":52,"h":138},"rotated":false,"trimmed":false,"spriteSourceSize":{"x":0,"y":0,"w":52,"h":138},"sourceSize":{"w":52,"h":138},"pivot":{"x":0.5,"y":0.5}},"santa-asset-17.png":{"frame":{"x":480,"y":698,"w":48,"h":137},"rotated":false,"trimmed":false,"spriteSourceSize":{"x":0,"y":0,"w":48,"h":137},"sourceSize":{"w":48,"h":137},"pivot":{"x":0.5,"y":0.5}},"santa-asset-9.png":{"frame":{"x":532,"y":698,"w":48,"h":137},"rotated":false,"trimmed":false,"spriteSourceSize":{"x":0,"y":0,"w":48,"h":137},"sourceSize":{"w":48,"h":137},"pivot":{"x":0.5,"y":0.5}},"santa-asset-29.png":{"frame":{"x":480,"y":563,"w":44,"h":120},"rotated":false,"trimmed":false,"spriteSourceSize":{"x":0,"y":0,"w":44,"h":120},"sourceSize":{"w":44,"h":120},"pivot":{"x":0.5,"y":0.5}},"santa-asset-33.png":{"frame":{"x":631,"y":556,"w":53,"h":120},"rotated":false,"trimmed":false,"spriteSourceSize":{"x":0,"y":0,"w":53,"h":120},"sourceSize":{"w":53,"h":120},"pivot":{"x":0.5,"y":0.5}},"santa-asset-28.png":{"frame":{"x":375,"y":700,"w":44,"h":117},"rotated":false,"trimmed":false,"spriteSourceSize":{"x":0,"y":0,"w":44,"h":117},"sourceSize":{"w":44,"h":117},"pivot":{"x":0.5,"y":0.5}},"santa-asset-32.png":{"frame":{"x":423,"y":700,"w":44,"h":117},"rotated":false,"trimmed":false,"spriteSourceSize":{"x":0,"y":0,"w":44,"h":117},"sourceSize":{"w":44,"h":117},"pivot":{"x":0.5,"y":0.5}},"santa-asset-40.png":{"frame":{"x":584,"y":698,"w":75,"h":113},"rotated":false,"trimmed":false,"spriteSourceSize":{"x":0,"y":0,"w":75,"h":113},"sourceSize":{"w":75,"h":113},"pivot":{"x":0.5,"y":0.5}},"santa-asset-42.png":{"frame":{"x":697,"y":2,"w":79,"h":106},"rotated":false,"trimmed":false,"spriteSourceSize":{"x":0,"y":0,"w":79,"h":106},"sourceSize":{"w":79,"h":106},"pivot":{"x":0.5,"y":0.5}},"santa-asset-41.png":{"frame":{"x":697,"y":112,"w":70,"h":102},"rotated":false,"trimmed":false,"spriteSourceSize":{"x":0,"y":0,"w":70,"h":102},"sourceSize":{"w":70,"h":102},"pivot":{"x":0.5,"y":0.5}},"santa-asset-16.png":{"frame":{"x":688,"y":218,"w":54,"h":98},"rotated":false,"trimmed":true,"spriteSourceSize":{"x":0,"y":1,"w":54,"h":98},"sourceSize":{"w":54,"h":99},"pivot":{"x":0.5,"y":0.5}},"santa-asset-49.png":{"frame":{"x":223,"y":769,"w":98,"h":65},"rotated":false,"trimmed":false,"spriteSourceSize":{"x":0,"y":0,"w":98,"h":65},"sourceSize":{"w":98,"h":65},"pivot":{"x":0.5,"y":0.5}},"santa-asset-38.png":{"frame":{"x":688,"y":320,"w":74,"h":97},"rotated":false,"trimmed":false,"spriteSourceSize":{"x":0,"y":0,"w":74,"h":97},"sourceSize":{"w":74,"h":97},"pivot":{"x":0.5,"y":0.5}},"Bitmap 197.png":{"frame":{"x":688,"y":421,"w":57,"h":96},"rotated":false,"trimmed":false,"spriteSourceSize":{"x":0,"y":0,"w":57,"h":96},"sourceSize":{"w":57,"h":96},"pivot":{"x":0.5,"y":0.5}},"santa-asset-10.png":{"frame":{"x":688,"y":521,"w":51,"h":96},"rotated":false,"trimmed":false,"spriteSourceSize":{"x":0,"y":0,"w":51,"h":96},"sourceSize":{"w":51,"h":96},"pivot":{"x":0.5,"y":0.5}},"santa-asset-25.png":{"frame":{"x":663,"y":680,"w":92,"h":95},"rotated":false,"trimmed":false,"spriteSourceSize":{"x":0,"y":0,"w":92,"h":95},"sourceSize":{"w":92,"h":95},"pivot":{"x":0.5,"y":0.5}},"santa-asset-6.png":{"frame":{"x":780,"y":2,"w":90,"h":64},"rotated":false,"trimmed":false,"spriteSourceSize":{"x":0,"y":0,"w":90,"h":64},"sourceSize":{"w":90,"h":64},"pivot":{"x":0.5,"y":0.5}},"santa-asset-46.png":{"frame":{"x":780,"y":70,"w":89,"h":80},"rotated":false,"trimmed":false,"spriteSourceSize":{"x":0,"y":0,"w":89,"h":80},"sourceSize":{"w":89,"h":80},"pivot":{"x":0.5,"y":0.5}},"santa-asset-47.png":{"frame":{"x":771,"y":154,"w":89,"h":80},"rotated":false,"trimmed":false,"spriteSourceSize":{"x":0,"y":0,"w":89,"h":80},"sourceSize":{"w":89,"h":80},"pivot":{"x":0.5,"y":0.5}},"santa-asset-18.png":{"frame":{"x":766,"y":238,"w":50,"h":88},"rotated":false,"trimmed":false,"spriteSourceSize":{"x":0,"y":0,"w":50,"h":88},"sourceSize":{"w":50,"h":88},"pivot":{"x":0.5,"y":0.5}},"santa-asset-22.png":{"frame":{"x":766,"y":330,"w":88,"h":57},"rotated":false,"trimmed":false,"spriteSourceSize":{"x":0,"y":0,"w":88,"h":57},"sourceSize":{"w":88,"h":57},"pivot":{"x":0.5,"y":0.5}},"santa-asset-23.png":{"frame":{"x":766,"y":391,"w":88,"h":57},"rotated":false,"trimmed":false,"spriteSourceSize":{"x":0,"y":0,"w":88,"h":57},"sourceSize":{"w":88,"h":57},"pivot":{"x":0.5,"y":0.5}},"santa-asset-43.png":{"frame":{"x":759,"y":452,"w":83,"h":85},"rotated":false,"trimmed":false,"spriteSourceSize":{"x":0,"y":0,"w":83,"h":85},"sourceSize":{"w":83,"h":85},"pivot":{"x":0.5,"y":0.5}},"santa-asset-48.png":{"frame":{"x":688,"y":621,"w":83,"h":42},"rotated":false,"trimmed":false,"spriteSourceSize":{"x":0,"y":0,"w":83,"h":42},"sourceSize":{"w":83,"h":42},"pivot":{"x":0.5,"y":0.5}},"santa-asset-52.png":{"frame":{"x":775,"y":541,"w":78,"h":83},"rotated":false,"trimmed":false,"spriteSourceSize":{"x":0,"y":0,"w":78,"h":83},"sourceSize":{"w":78,"h":83},"pivot":{"x":0.5,"y":0.5}},"santa-asset-55.png":{"frame":{"x":775,"y":628,"w":77,"h":83},"rotated":false,"trimmed":false,"spriteSourceSize":{"x":0,"y":0,"w":77,"h":83},"sourceSize":{"w":77,"h":83},"pivot":{"x":0.5,"y":0.5}},"santa-asset-60.png":{"frame":{"x":759,"y":715,"w":76,"h":82},"rotated":false,"trimmed":false,"spriteSourceSize":{"x":0,"y":0,"w":76,"h":82},"sourceSize":{"w":76,"h":82},"pivot":{"x":0.5,"y":0.5}},"santa-asset-63.png":{"frame":{"x":2,"y":839,"w":76,"h":82},"rotated":false,"trimmed":false,"spriteSourceSize":{"x":0,"y":0,"w":76,"h":82},"sourceSize":{"w":76,"h":82},"pivot":{"x":0.5,"y":0.5}},"santa-asset-8.png":{"frame":{"x":82,"y":839,"w":53,"h":80},"rotated":false,"trimmed":false,"spriteSourceSize":{"x":0,"y":0,"w":53,"h":80},"sourceSize":{"w":53,"h":80},"pivot":{"x":0.5,"y":0.5}},"santa-asset-36.png":{"frame":{"x":139,"y":839,"w":68,"h":79},"rotated":false,"trimmed":false,"spriteSourceSize":{"x":0,"y":0,"w":68,"h":79},"sourceSize":{"w":68,"h":79},"pivot":{"x":0.5,"y":0.5}},"santa-asset-45.png":{"frame":{"x":663,"y":779,"w":78,"h":20},"rotated":false,"trimmed":false,"spriteSourceSize":{"x":0,"y":0,"w":78,"h":20},"sourceSize":{"w":78,"h":20},"pivot":{"x":0.5,"y":0.5}},"santa-asset-1.png":{"frame":{"x":211,"y":839,"w":75,"h":56},"rotated":false,"trimmed":false,"spriteSourceSize":{"x":0,"y":0,"w":75,"h":56},"sourceSize":{"w":75,"h":56},"pivot":{"x":0.5,"y":0.5}},"Bitmap 195.png":{"frame":{"x":325,"y":764,"w":44,"h":74},"rotated":false,"trimmed":false,"spriteSourceSize":{"x":0,"y":0,"w":44,"h":74},"sourceSize":{"w":44,"h":74},"pivot":{"x":0.5,"y":0.5}},"santa-asset-26.png":{"frame":{"x":290,"y":842,"w":68,"h":74},"rotated":false,"trimmed":false,"spriteSourceSize":{"x":0,"y":0,"w":68,"h":74},"sourceSize":{"w":68,"h":74},"pivot":{"x":0.5,"y":0.5}},"santa-asset-31.png":{"frame":{"x":820,"y":238,"w":48,"h":74},"rotated":false,"trimmed":false,"spriteSourceSize":{"x":0,"y":0,"w":48,"h":74},"sourceSize":{"w":48,"h":74},"pivot":{"x":0.5,"y":0.5}},"santa-asset-14.png":{"frame":{"x":362,"y":842,"w":47,"h":72},"rotated":false,"trimmed":false,"spriteSourceSize":{"x":0,"y":0,"w":47,"h":72},"sourceSize":{"w":47,"h":72},"pivot":{"x":0.5,"y":0.5}},"santa-asset-2.png":{"frame":{"x":413,"y":839,"w":72,"h":50},"rotated":false,"trimmed":false,"spriteSourceSize":{"x":0,"y":0,"w":72,"h":50},"sourceSize":{"w":72,"h":50},"pivot":{"x":0.5,"y":0.5}},"heart-asset-2.png":{"frame":{"x":489,"y":839,"w":52,"h":71},"rotated":false,"trimmed":false,"spriteSourceSize":{"x":0,"y":0,"w":52,"h":71},"sourceSize":{"w":52,"h":71},"pivot":{"x":0.5,"y":0.5}},"heart-asset-3.png":{"frame":{"x":545,"y":839,"w":53,"h":71},"rotated":false,"trimmed":false,"spriteSourceSize":{"x":0,"y":0,"w":53,"h":71},"sourceSize":{"w":53,"h":71},"pivot":{"x":0.5,"y":0.5}},"heart-asset-4.png":{"frame":{"x":602,"y":815,"w":53,"h":71},"rotated":false,"trimmed":false,"spriteSourceSize":{"x":0,"y":0,"w":53,"h":71},"sourceSize":{"w":53,"h":71},"pivot":{"x":0.5,"y":0.5}},"heart-asset-5.png":{"frame":{"x":659,"y":815,"w":53,"h":71},"rotated":false,"trimmed":false,"spriteSourceSize":{"x":0,"y":0,"w":53,"h":71},"sourceSize":{"w":53,"h":71},"pivot":{"x":0.5,"y":0.5}},"santa-asset-11.png":{"frame":{"x":716,"y":803,"w":45,"h":71},"rotated":false,"trimmed":false,"spriteSourceSize":{"x":0,"y":0,"w":45,"h":71},"sourceSize":{"w":45,"h":71},"pivot":{"x":0.5,"y":0.5}},"santa-asset-19.png":{"frame":{"x":765,"y":801,"w":46,"h":71},"rotated":false,"trimmed":false,"spriteSourceSize":{"x":0,"y":0,"w":46,"h":71},"sourceSize":{"w":46,"h":71},"pivot":{"x":0.5,"y":0.5}},"heart-asset-1.png":{"frame":{"x":815,"y":801,"w":51,"h":70},"rotated":false,"trimmed":false,"spriteSourceSize":{"x":0,"y":0,"w":51,"h":70},"sourceSize":{"w":51,"h":70},"pivot":{"x":0.5,"y":0.5}},"santa-asset-7.png":{"frame":{"x":874,"y":2,"w":60,"h":70},"rotated":false,"trimmed":false,"spriteSourceSize":{"x":0,"y":0,"w":60,"h":70},"sourceSize":{"w":60,"h":70},"pivot":{"x":0.5,"y":0.5}},"santa-asset-3.png":{"frame":{"x":873,"y":76,"w":54,"h":69},"rotated":false,"trimmed":false,"spriteSourceSize":{"x":0,"y":0,"w":54,"h":69},"sourceSize":{"w":54,"h":69},"pivot":{"x":0.5,"y":0.5}},"santa-asset-35.png":{"frame":{"x":864,"y":154,"w":47,"h":66},"rotated":false,"trimmed":false,"spriteSourceSize":{"x":0,"y":0,"w":47,"h":66},"sourceSize":{"w":47,"h":66},"pivot":{"x":0.5,"y":0.5}},"santa-asset-4.png":{"frame":{"x":872,"y":224,"w":54,"h":63},"rotated":false,"trimmed":false,"spriteSourceSize":{"x":0,"y":0,"w":54,"h":63},"sourceSize":{"w":54,"h":63},"pivot":{"x":0.5,"y":0.5}},"santa-asset-5.png":{"frame":{"x":872,"y":291,"w":58,"h":49},"rotated":false,"trimmed":false,"spriteSourceSize":{"x":0,"y":0,"w":58,"h":49},"sourceSize":{"w":58,"h":49},"pivot":{"x":0.5,"y":0.5}},"santa-asset-27.png":{"frame":{"x":716,"y":878,"w":57,"h":43},"rotated":false,"trimmed":false,"spriteSourceSize":{"x":0,"y":0,"w":57,"h":43},"sourceSize":{"w":57,"h":43},"pivot":{"x":0.5,"y":0.5}},"santa-asset-30.png":{"frame":{"x":870,"y":344,"w":44,"h":54},"rotated":false,"trimmed":false,"spriteSourceSize":{"x":0,"y":0,"w":44,"h":54},"sourceSize":{"w":44,"h":54},"pivot":{"x":0.5,"y":0.5}},"santa-asset-24.png":{"frame":{"x":777,"y":876,"w":47,"h":44},"rotated":false,"trimmed":false,"spriteSourceSize":{"x":0,"y":0,"w":47,"h":44},"sourceSize":{"w":47,"h":44},"pivot":{"x":0.5,"y":0.5}},"santa-asset-34.png":{"frame":{"x":828,"y":875,"w":41,"h":45},"rotated":false,"trimmed":false,"spriteSourceSize":{"x":0,"y":0,"w":41,"h":45},"sourceSize":{"w":41,"h":45},"pivot":{"x":0.5,"y":0.5}},"santa-asset-21.png":{"frame":{"x":658,"y":187,"w":27,"h":27},"rotated":false,"trimmed":false,"spriteSourceSize":{"x":0,"y":0,"w":27,"h":27},"sourceSize":{"w":27,"h":27},"pivot":{"x":0.5,"y":0.5}},"santa-asset-44.png":{"frame":{"x":188,"y":433,"w":16,"h":27},"rotated":false,"trimmed":false,"spriteSourceSize":{"x":0,"y":0,"w":16,"h":27},"sourceSize":{"w":16,"h":27},"pivot":{"x":0.5,"y":0.5}},"Bitmap 193.png":{"frame":{"x":745,"y":779,"w":10,"h":10},"rotated":false,"trimmed":false,"spriteSourceSize":{"x":0,"y":0,"w":10,"h":10},"sourceSize":{"w":10,"h":10},"pivot":{"x":0.5,"y":0.5}},"heart-asset-6.png":{"frame":{"x":815,"y":801,"w":51,"h":70},"rotated":false,"trimmed":false,"spriteSourceSize":{"x":0,"y":0,"w":51,"h":70},"sourceSize":{"w":51,"h":70},"pivot":{"x":0.5,"y":0.5}}},"meta":{"app":"http://github.com/odrick/free-tex-packer-core","version":"0.1.9","image":"a.png","format":"RGBA8888","size":{"w":2048,"h":2048},"scale":1}}