{"frames":{"start-placeholder-helicopter-guy-vehicle.png":{"frame":{"x":2,"y":2,"w":800,"h":633},"rotated":false,"trimmed":false,"spriteSourceSize":{"x":0,"y":0,"w":800,"h":633},"sourceSize":{"w":800,"h":633},"pivot":{"x":0.5,"y":0.5}},"start-placeholder-irresponsible-mom-vehicle.png":{"frame":{"x":2,"y":639,"w":727,"h":352},"rotated":false,"trimmed":false,"spriteSourceSize":{"x":0,"y":0,"w":727,"h":352},"sourceSize":{"w":727,"h":352},"pivot":{"x":0.5,"y":0.5}},"start-placeholder-irresponsible-dad-vehicle.png":{"frame":{"x":806,"y":2,"w":515,"h":404},"rotated":false,"trimmed":false,"spriteSourceSize":{"x":0,"y":0,"w":515,"h":404},"sourceSize":{"w":515,"h":404},"pivot":{"x":0.5,"y":0.5}},"start-placeholder-irresponsible-dad-background.png":{"frame":{"x":806,"y":410,"w":193,"h":432},"rotated":false,"trimmed":false,"spriteSourceSize":{"x":0,"y":0,"w":193,"h":432},"sourceSize":{"w":193,"h":432},"pivot":{"x":0.5,"y":0.5}},"start-placeholder-irresponsible-mom-background.png":{"frame":{"x":1003,"y":410,"w":184,"h":419},"rotated":false,"trimmed":false,"spriteSourceSize":{"x":0,"y":0,"w":184,"h":419},"sourceSize":{"w":184,"h":419},"pivot":{"x":0.5,"y":0.5}},"start-placeholder-helicopter-guy-foreground.png":{"frame":{"x":2,"y":995,"w":133,"h":171},"rotated":false,"trimmed":false,"spriteSourceSize":{"x":0,"y":0,"w":133,"h":171},"sourceSize":{"w":133,"h":171},"pivot":{"x":0.5,"y":0.5}}},"meta":{"app":"http://github.com/odrick/free-tex-packer-core","version":"0.1.9","image":"m.png","format":"RGBA8888","size":{"w":2048,"h":2048},"scale":1}}