{"frames":{"boost-1713.png":{"frame":{"x":2,"y":2,"w":558,"h":18},"rotated":false,"trimmed":false,"spriteSourceSize":{"x":0,"y":0,"w":558,"h":18},"sourceSize":{"w":558,"h":18},"pivot":{"x":0.5,"y":0.5}},"blade-weapon-1662.png":{"frame":{"x":2,"y":24,"w":17,"h":502},"rotated":false,"trimmed":true,"spriteSourceSize":{"x":0,"y":1,"w":17,"h":502},"sourceSize":{"w":17,"h":503},"pivot":{"x":0.5,"y":0.5}},"blade-weapon-1664.png":{"frame":{"x":23,"y":24,"w":12,"h":495},"rotated":false,"trimmed":true,"spriteSourceSize":{"x":0,"y":4,"w":12,"h":495},"sourceSize":{"w":12,"h":499},"pivot":{"x":0.5,"y":0.5}},"blade-weapon-1666.png":{"frame":{"x":39,"y":24,"w":60,"h":414},"rotated":false,"trimmed":false,"spriteSourceSize":{"x":0,"y":0,"w":60,"h":414},"sourceSize":{"w":60,"h":414},"pivot":{"x":0.5,"y":0.5}},"boost-1715.png":{"frame":{"x":103,"y":24,"w":360,"h":360},"rotated":false,"trimmed":false,"spriteSourceSize":{"x":0,"y":0,"w":360,"h":360},"sourceSize":{"w":360,"h":360},"pivot":{"x":0.5,"y":0.5}},"boost-1717.png":{"frame":{"x":2,"y":530,"w":360,"h":360},"rotated":false,"trimmed":false,"spriteSourceSize":{"x":0,"y":0,"w":360,"h":360},"sourceSize":{"w":360,"h":360},"pivot":{"x":0.5,"y":0.5}},"boost-1718.png":{"frame":{"x":564,"y":2,"w":360,"h":360},"rotated":false,"trimmed":false,"spriteSourceSize":{"x":0,"y":0,"w":360,"h":360},"sourceSize":{"w":360,"h":360},"pivot":{"x":0.5,"y":0.5}},"boost-1719.png":{"frame":{"x":467,"y":366,"w":360,"h":360},"rotated":false,"trimmed":false,"spriteSourceSize":{"x":0,"y":0,"w":360,"h":360},"sourceSize":{"w":360,"h":360},"pivot":{"x":0.5,"y":0.5}},"boost-1720.png":{"frame":{"x":2,"y":894,"w":360,"h":360},"rotated":false,"trimmed":false,"spriteSourceSize":{"x":0,"y":0,"w":360,"h":360},"sourceSize":{"w":360,"h":360},"pivot":{"x":0.5,"y":0.5}},"blade-weapon-1656.png":{"frame":{"x":831,"y":366,"w":24,"h":260},"rotated":false,"trimmed":false,"spriteSourceSize":{"x":0,"y":0,"w":24,"h":260},"sourceSize":{"w":24,"h":260},"pivot":{"x":0.5,"y":0.5}},"blade-weapon-1654.png":{"frame":{"x":467,"y":24,"w":78,"h":259},"rotated":false,"trimmed":false,"spriteSourceSize":{"x":0,"y":0,"w":78,"h":259},"sourceSize":{"w":78,"h":259},"pivot":{"x":0.5,"y":0.5}},"blade-weapon-1657.png":{"frame":{"x":859,"y":366,"w":52,"h":254},"rotated":false,"trimmed":false,"spriteSourceSize":{"x":0,"y":0,"w":52,"h":254},"sourceSize":{"w":52,"h":254},"pivot":{"x":0.5,"y":0.5}},"blade-weapon-1659.png":{"frame":{"x":859,"y":624,"w":37,"h":249},"rotated":false,"trimmed":false,"spriteSourceSize":{"x":0,"y":0,"w":37,"h":249},"sourceSize":{"w":37,"h":249},"pivot":{"x":0.5,"y":0.5}},"blade-blood.png":{"frame":{"x":366,"y":877,"w":237,"h":205},"rotated":false,"trimmed":true,"spriteSourceSize":{"x":0,"y":1,"w":237,"h":205},"sourceSize":{"w":237,"h":206},"pivot":{"x":0.5,"y":0.5}},"arrow-asset-1617.png":{"frame":{"x":607,"y":730,"w":212,"h":14},"rotated":false,"trimmed":false,"spriteSourceSize":{"x":0,"y":0,"w":212,"h":14},"sourceSize":{"w":212,"h":14},"pivot":{"x":0.5,"y":0.5}},"arrow-asset-1618.png":{"frame":{"x":366,"y":730,"w":212,"h":14},"rotated":false,"trimmed":false,"spriteSourceSize":{"x":0,"y":0,"w":212,"h":14},"sourceSize":{"w":212,"h":14},"pivot":{"x":0.5,"y":0.5}},"arrow-asset-1619.png":{"frame":{"x":607,"y":748,"w":212,"h":14},"rotated":false,"trimmed":false,"spriteSourceSize":{"x":0,"y":0,"w":212,"h":14},"sourceSize":{"w":212,"h":14},"pivot":{"x":0.5,"y":0.5}},"arrow-asset-1620.png":{"frame":{"x":366,"y":748,"w":212,"h":14},"rotated":false,"trimmed":false,"spriteSourceSize":{"x":0,"y":0,"w":212,"h":14},"sourceSize":{"w":212,"h":14},"pivot":{"x":0.5,"y":0.5}},"arrow-asset-1621.png":{"frame":{"x":607,"y":766,"w":212,"h":14},"rotated":false,"trimmed":false,"spriteSourceSize":{"x":0,"y":0,"w":212,"h":14},"sourceSize":{"w":212,"h":14},"pivot":{"x":0.5,"y":0.5}},"arrow-asset-1622.png":{"frame":{"x":366,"y":766,"w":212,"h":14},"rotated":false,"trimmed":false,"spriteSourceSize":{"x":0,"y":0,"w":212,"h":14},"sourceSize":{"w":212,"h":14},"pivot":{"x":0.5,"y":0.5}},"blade-weapon-1661.png":{"frame":{"x":831,"y":630,"w":21,"h":201},"rotated":false,"trimmed":false,"spriteSourceSize":{"x":0,"y":0,"w":21,"h":201},"sourceSize":{"w":21,"h":201},"pivot":{"x":0.5,"y":0.5}},"boombox-1680.png":{"frame":{"x":103,"y":388,"w":194,"h":128},"rotated":false,"trimmed":false,"spriteSourceSize":{"x":0,"y":0,"w":194,"h":128},"sourceSize":{"w":194,"h":128},"pivot":{"x":0.5,"y":0.5}},"boombox-1681.png":{"frame":{"x":607,"y":784,"w":194,"h":128},"rotated":false,"trimmed":false,"spriteSourceSize":{"x":0,"y":0,"w":194,"h":128},"sourceSize":{"w":194,"h":128},"pivot":{"x":0.5,"y":0.5}},"boombox-1682.png":{"frame":{"x":366,"y":1086,"w":194,"h":128},"rotated":false,"trimmed":false,"spriteSourceSize":{"x":0,"y":0,"w":194,"h":128},"sourceSize":{"w":194,"h":128},"pivot":{"x":0.5,"y":0.5}},"blade-weapon-1660.png":{"frame":{"x":805,"y":835,"w":48,"h":193},"rotated":false,"trimmed":false,"spriteSourceSize":{"x":0,"y":0,"w":48,"h":193},"sourceSize":{"w":48,"h":193},"pivot":{"x":0.5,"y":0.5}},"arrow-asset-1642.png":{"frame":{"x":366,"y":388,"w":93,"h":192},"rotated":false,"trimmed":false,"spriteSourceSize":{"x":0,"y":0,"w":93,"h":192},"sourceSize":{"w":93,"h":192},"pivot":{"x":0.5,"y":0.5}},"boombox-1683.png":{"frame":{"x":607,"y":916,"w":192,"h":128},"rotated":false,"trimmed":false,"spriteSourceSize":{"x":0,"y":0,"w":192,"h":128},"sourceSize":{"w":192,"h":128},"pivot":{"x":0.5,"y":0.5}},"blade-weapon-1665.png":{"frame":{"x":857,"y":877,"w":55,"h":186},"rotated":false,"trimmed":false,"spriteSourceSize":{"x":0,"y":0,"w":55,"h":186},"sourceSize":{"w":55,"h":186},"pivot":{"x":0.5,"y":0.5}},"blade-weapon-1663.png":{"frame":{"x":900,"y":624,"w":24,"h":163},"rotated":false,"trimmed":true,"spriteSourceSize":{"x":0,"y":1,"w":24,"h":163},"sourceSize":{"w":24,"h":164},"pivot":{"x":0.5,"y":0.5}},"boombox-1691.png":{"frame":{"x":564,"y":1086,"w":102,"h":127},"rotated":false,"trimmed":false,"spriteSourceSize":{"x":0,"y":0,"w":102,"h":127},"sourceSize":{"w":102,"h":127},"pivot":{"x":0.5,"y":0.5}},"boombox-20.png":{"frame":{"x":366,"y":584,"w":96,"h":124},"rotated":false,"trimmed":false,"spriteSourceSize":{"x":0,"y":0,"w":96,"h":124},"sourceSize":{"w":96,"h":124},"pivot":{"x":0.5,"y":0.5}},"arrow-asset-1644.png":{"frame":{"x":670,"y":1048,"w":116,"h":103},"rotated":false,"trimmed":false,"spriteSourceSize":{"x":0,"y":0,"w":116,"h":103},"sourceSize":{"w":116,"h":103},"pivot":{"x":0.5,"y":0.5}},"arrow-asset-1645.png":{"frame":{"x":366,"y":1218,"w":116,"h":24},"rotated":false,"trimmed":false,"spriteSourceSize":{"x":0,"y":0,"w":116,"h":24},"sourceSize":{"w":116,"h":24},"pivot":{"x":0.5,"y":0.5}},"arrow-asset-1646.png":{"frame":{"x":790,"y":1067,"w":116,"h":46},"rotated":false,"trimmed":false,"spriteSourceSize":{"x":0,"y":0,"w":116,"h":46},"sourceSize":{"w":116,"h":46},"pivot":{"x":0.5,"y":0.5}},"arrow-asset-1647.png":{"frame":{"x":366,"y":784,"w":116,"h":83},"rotated":false,"trimmed":false,"spriteSourceSize":{"x":0,"y":0,"w":116,"h":83},"sourceSize":{"w":116,"h":83},"pivot":{"x":0.5,"y":0.5}},"bottle-1724.png":{"frame":{"x":301,"y":388,"w":40,"h":116},"rotated":false,"trimmed":false,"spriteSourceSize":{"x":0,"y":0,"w":40,"h":116},"sourceSize":{"w":40,"h":116},"pivot":{"x":0.5,"y":0.5}},"bottle-1725.png":{"frame":{"x":790,"y":1117,"w":40,"h":116},"rotated":false,"trimmed":false,"spriteSourceSize":{"x":0,"y":0,"w":40,"h":116},"sourceSize":{"w":40,"h":116},"pivot":{"x":0.5,"y":0.5}},"bottle-1726.png":{"frame":{"x":834,"y":1117,"w":40,"h":116},"rotated":false,"trimmed":false,"spriteSourceSize":{"x":0,"y":0,"w":40,"h":116},"sourceSize":{"w":40,"h":116},"pivot":{"x":0.5,"y":0.5}},"bottle-1727.png":{"frame":{"x":878,"y":1117,"w":40,"h":116},"rotated":false,"trimmed":false,"spriteSourceSize":{"x":0,"y":0,"w":40,"h":116},"sourceSize":{"w":40,"h":116},"pivot":{"x":0.5,"y":0.5}},"bottle-1728.png":{"frame":{"x":928,"y":2,"w":40,"h":116},"rotated":false,"trimmed":false,"spriteSourceSize":{"x":0,"y":0,"w":40,"h":116},"sourceSize":{"w":40,"h":116},"pivot":{"x":0.5,"y":0.5}},"arrow-asset-1623.png":{"frame":{"x":39,"y":520,"w":106,"h":6},"rotated":false,"trimmed":false,"spriteSourceSize":{"x":0,"y":0,"w":106,"h":6},"sourceSize":{"w":106,"h":6},"pivot":{"x":0.5,"y":0.5}},"arrow-asset-1624.png":{"frame":{"x":149,"y":520,"w":106,"h":6},"rotated":false,"trimmed":false,"spriteSourceSize":{"x":0,"y":0,"w":106,"h":6},"sourceSize":{"w":106,"h":6},"pivot":{"x":0.5,"y":0.5}},"arrow-asset-1625.png":{"frame":{"x":366,"y":1246,"w":106,"h":6},"rotated":false,"trimmed":false,"spriteSourceSize":{"x":0,"y":0,"w":106,"h":6},"sourceSize":{"w":106,"h":6},"pivot":{"x":0.5,"y":0.5}},"arrow-asset-1626.png":{"frame":{"x":476,"y":1246,"w":106,"h":6},"rotated":false,"trimmed":false,"spriteSourceSize":{"x":0,"y":0,"w":106,"h":6},"sourceSize":{"w":106,"h":6},"pivot":{"x":0.5,"y":0.5}},"arrow-asset-1627.png":{"frame":{"x":670,"y":1155,"w":106,"h":6},"rotated":false,"trimmed":false,"spriteSourceSize":{"x":0,"y":0,"w":106,"h":6},"sourceSize":{"w":106,"h":6},"pivot":{"x":0.5,"y":0.5}},"arrow-asset-1628.png":{"frame":{"x":670,"y":1165,"w":106,"h":6},"rotated":false,"trimmed":false,"spriteSourceSize":{"x":0,"y":0,"w":106,"h":6},"sourceSize":{"w":106,"h":6},"pivot":{"x":0.5,"y":0.5}},"arrow-asset-1629.png":{"frame":{"x":586,"y":1237,"w":106,"h":14},"rotated":false,"trimmed":false,"spriteSourceSize":{"x":0,"y":0,"w":106,"h":14},"sourceSize":{"w":106,"h":14},"pivot":{"x":0.5,"y":0.5}},"arrow-asset-1630.png":{"frame":{"x":486,"y":1218,"w":106,"h":14},"rotated":false,"trimmed":false,"spriteSourceSize":{"x":0,"y":0,"w":106,"h":14},"sourceSize":{"w":106,"h":14},"pivot":{"x":0.5,"y":0.5}},"arrow-asset-1631.png":{"frame":{"x":596,"y":1217,"w":106,"h":14},"rotated":false,"trimmed":false,"spriteSourceSize":{"x":0,"y":0,"w":106,"h":14},"sourceSize":{"w":106,"h":14},"pivot":{"x":0.5,"y":0.5}},"arrow-asset-1632.png":{"frame":{"x":696,"y":1237,"w":106,"h":14},"rotated":false,"trimmed":false,"spriteSourceSize":{"x":0,"y":0,"w":106,"h":14},"sourceSize":{"w":106,"h":14},"pivot":{"x":0.5,"y":0.5}},"arrow-asset-1633.png":{"frame":{"x":806,"y":1237,"w":106,"h":14},"rotated":false,"trimmed":false,"spriteSourceSize":{"x":0,"y":0,"w":106,"h":14},"sourceSize":{"w":106,"h":14},"pivot":{"x":0.5,"y":0.5}},"arrow-asset-1634.png":{"frame":{"x":670,"y":1175,"w":106,"h":14},"rotated":false,"trimmed":false,"spriteSourceSize":{"x":0,"y":0,"w":106,"h":14},"sourceSize":{"w":106,"h":14},"pivot":{"x":0.5,"y":0.5}},"blade-weapon-1658.png":{"frame":{"x":928,"y":122,"w":30,"h":102},"rotated":false,"trimmed":false,"spriteSourceSize":{"x":0,"y":0,"w":30,"h":102},"sourceSize":{"w":30,"h":102},"pivot":{"x":0.5,"y":0.5}},"arrow-asset-1650.png":{"frame":{"x":972,"y":2,"w":84,"h":100},"rotated":false,"trimmed":false,"spriteSourceSize":{"x":0,"y":0,"w":84,"h":100},"sourceSize":{"w":84,"h":100},"pivot":{"x":0.5,"y":0.5}},"bottle-1733.png":{"frame":{"x":366,"y":712,"w":62,"h":14},"rotated":false,"trimmed":false,"spriteSourceSize":{"x":0,"y":0,"w":62,"h":14},"sourceSize":{"w":62,"h":14},"pivot":{"x":0.5,"y":0.5}},"bottle-1735.png":{"frame":{"x":345,"y":388,"w":14,"h":62},"rotated":false,"trimmed":false,"spriteSourceSize":{"x":0,"y":0,"w":14,"h":62},"sourceSize":{"w":14,"h":62},"pivot":{"x":0.5,"y":0.5}},"bottle-1753.png":{"frame":{"x":790,"y":1048,"w":62,"h":14},"rotated":false,"trimmed":false,"spriteSourceSize":{"x":0,"y":0,"w":62,"h":14},"sourceSize":{"w":62,"h":14},"pivot":{"x":0.5,"y":0.5}},"bottle-1755.png":{"frame":{"x":345,"y":454,"w":14,"h":62},"rotated":false,"trimmed":false,"spriteSourceSize":{"x":0,"y":0,"w":14,"h":62},"sourceSize":{"w":14,"h":62},"pivot":{"x":0.5,"y":0.5}},"bottle-1773.png":{"frame":{"x":916,"y":1237,"w":62,"h":14},"rotated":false,"trimmed":false,"spriteSourceSize":{"x":0,"y":0,"w":62,"h":14},"sourceSize":{"w":62,"h":14},"pivot":{"x":0.5,"y":0.5}},"bottle-1793.png":{"frame":{"x":670,"y":1193,"w":62,"h":14},"rotated":false,"trimmed":false,"spriteSourceSize":{"x":0,"y":0,"w":62,"h":14},"sourceSize":{"w":62,"h":14},"pivot":{"x":0.5,"y":0.5}},"bottle-1795.png":{"frame":{"x":582,"y":730,"w":14,"h":62},"rotated":false,"trimmed":false,"spriteSourceSize":{"x":0,"y":0,"w":14,"h":62},"sourceSize":{"w":14,"h":62},"pivot":{"x":0.5,"y":0.5}},"bottle-1732.png":{"frame":{"x":39,"y":442,"w":27,"h":48},"rotated":false,"trimmed":false,"spriteSourceSize":{"x":0,"y":0,"w":27,"h":48},"sourceSize":{"w":27,"h":48},"pivot":{"x":0.5,"y":0.5}},"bottle-1752.png":{"frame":{"x":70,"y":442,"w":27,"h":48},"rotated":false,"trimmed":false,"spriteSourceSize":{"x":0,"y":0,"w":27,"h":48},"sourceSize":{"w":27,"h":48},"pivot":{"x":0.5,"y":0.5}},"bottle-1794.png":{"frame":{"x":467,"y":287,"w":27,"h":48},"rotated":false,"trimmed":false,"spriteSourceSize":{"x":0,"y":0,"w":27,"h":48},"sourceSize":{"w":27,"h":48},"pivot":{"x":0.5,"y":0.5}},"bottle-1777.png":{"frame":{"x":706,"y":1211,"w":46,"h":20},"rotated":false,"trimmed":false,"spriteSourceSize":{"x":0,"y":0,"w":46,"h":20},"sourceSize":{"w":46,"h":20},"pivot":{"x":0.5,"y":0.5}},"bottle-1737.png":{"frame":{"x":607,"y":1048,"w":44,"h":25},"rotated":false,"trimmed":false,"spriteSourceSize":{"x":0,"y":0,"w":44,"h":25},"sourceSize":{"w":44,"h":25},"pivot":{"x":0.5,"y":0.5}},"bottle-1757.png":{"frame":{"x":498,"y":287,"w":44,"h":25},"rotated":false,"trimmed":false,"spriteSourceSize":{"x":0,"y":0,"w":44,"h":25},"sourceSize":{"w":44,"h":25},"pivot":{"x":0.5,"y":0.5}},"bottle-1797.png":{"frame":{"x":498,"y":316,"w":44,"h":25},"rotated":false,"trimmed":false,"spriteSourceSize":{"x":0,"y":0,"w":44,"h":25},"sourceSize":{"w":44,"h":25},"pivot":{"x":0.5,"y":0.5}},"bottle-1739.png":{"frame":{"x":910,"y":1067,"w":16,"h":43},"rotated":false,"trimmed":false,"spriteSourceSize":{"x":0,"y":0,"w":16,"h":43},"sourceSize":{"w":16,"h":43},"pivot":{"x":0.5,"y":0.5}},"bottle-1759.png":{"frame":{"x":805,"y":784,"w":16,"h":43},"rotated":false,"trimmed":false,"spriteSourceSize":{"x":0,"y":0,"w":16,"h":43},"sourceSize":{"w":16,"h":43},"pivot":{"x":0.5,"y":0.5}},"bottle-1779.png":{"frame":{"x":486,"y":796,"w":16,"h":43},"rotated":false,"trimmed":false,"spriteSourceSize":{"x":0,"y":0,"w":16,"h":43},"sourceSize":{"w":16,"h":43},"pivot":{"x":0.5,"y":0.5}},"bottle-1799.png":{"frame":{"x":506,"y":796,"w":16,"h":43},"rotated":false,"trimmed":false,"spriteSourceSize":{"x":0,"y":0,"w":16,"h":43},"sourceSize":{"w":16,"h":43},"pivot":{"x":0.5,"y":0.5}},"bottle-1815.png":{"frame":{"x":546,"y":287,"w":14,"h":43},"rotated":false,"trimmed":false,"spriteSourceSize":{"x":0,"y":0,"w":14,"h":43},"sourceSize":{"w":14,"h":43},"pivot":{"x":0.5,"y":0.5}},"bottle-1741.png":{"frame":{"x":486,"y":843,"w":42,"h":28},"rotated":false,"trimmed":true,"spriteSourceSize":{"x":0,"y":0,"w":42,"h":28},"sourceSize":{"w":43,"h":28},"pivot":{"x":0.5,"y":0.5}},"bottle-1770.png":{"frame":{"x":532,"y":784,"w":42,"h":28},"rotated":false,"trimmed":true,"spriteSourceSize":{"x":0,"y":0,"w":42,"h":28},"sourceSize":{"w":43,"h":28},"pivot":{"x":0.5,"y":0.5}},"bottle-1781.png":{"frame":{"x":532,"y":816,"w":42,"h":28},"rotated":false,"trimmed":true,"spriteSourceSize":{"x":0,"y":0,"w":42,"h":28},"sourceSize":{"w":43,"h":28},"pivot":{"x":0.5,"y":0.5}},"bottle-1801.png":{"frame":{"x":982,"y":106,"w":42,"h":28},"rotated":false,"trimmed":true,"spriteSourceSize":{"x":0,"y":0,"w":42,"h":28},"sourceSize":{"w":43,"h":28},"pivot":{"x":0.5,"y":0.5}},"bottle-1742.png":{"frame":{"x":578,"y":796,"w":24,"h":41},"rotated":false,"trimmed":false,"spriteSourceSize":{"x":0,"y":0,"w":24,"h":41},"sourceSize":{"w":24,"h":41},"pivot":{"x":0.5,"y":0.5}},"bottle-1769.png":{"frame":{"x":1028,"y":106,"w":24,"h":41},"rotated":false,"trimmed":false,"spriteSourceSize":{"x":0,"y":0,"w":24,"h":41},"sourceSize":{"w":24,"h":41},"pivot":{"x":0.5,"y":0.5}},"bottle-1782.png":{"frame":{"x":982,"y":138,"w":24,"h":41},"rotated":false,"trimmed":false,"spriteSourceSize":{"x":0,"y":0,"w":24,"h":41},"sourceSize":{"w":24,"h":41},"pivot":{"x":0.5,"y":0.5}},"bottle-1802.png":{"frame":{"x":1010,"y":151,"w":24,"h":41},"rotated":false,"trimmed":false,"spriteSourceSize":{"x":0,"y":0,"w":24,"h":41},"sourceSize":{"w":24,"h":41},"pivot":{"x":0.5,"y":0.5}},"bottle-1813.png":{"frame":{"x":803,"y":1032,"w":41,"h":9},"rotated":false,"trimmed":false,"spriteSourceSize":{"x":0,"y":0,"w":41,"h":9},"sourceSize":{"w":41,"h":9},"pivot":{"x":0.5,"y":0.5}},"bottle-1736.png":{"frame":{"x":756,"y":1193,"w":22,"h":40},"rotated":false,"trimmed":false,"spriteSourceSize":{"x":0,"y":0,"w":22,"h":40},"sourceSize":{"w":22,"h":40},"pivot":{"x":0.5,"y":0.5}},"bottle-1738.png":{"frame":{"x":962,"y":183,"w":38,"h":40},"rotated":false,"trimmed":false,"spriteSourceSize":{"x":0,"y":0,"w":38,"h":40},"sourceSize":{"w":38,"h":40},"pivot":{"x":0.5,"y":0.5}},"bottle-1756.png":{"frame":{"x":1004,"y":196,"w":22,"h":40},"rotated":false,"trimmed":false,"spriteSourceSize":{"x":0,"y":0,"w":22,"h":40},"sourceSize":{"w":22,"h":40},"pivot":{"x":0.5,"y":0.5}},"bottle-1758.png":{"frame":{"x":962,"y":227,"w":38,"h":40},"rotated":false,"trimmed":false,"spriteSourceSize":{"x":0,"y":0,"w":38,"h":40},"sourceSize":{"w":38,"h":40},"pivot":{"x":0.5,"y":0.5}},"bottle-1778.png":{"frame":{"x":1004,"y":240,"w":38,"h":40},"rotated":false,"trimmed":false,"spriteSourceSize":{"x":0,"y":0,"w":38,"h":40},"sourceSize":{"w":38,"h":40},"pivot":{"x":0.5,"y":0.5}},"bottle-1796.png":{"frame":{"x":1030,"y":196,"w":22,"h":40},"rotated":false,"trimmed":false,"spriteSourceSize":{"x":0,"y":0,"w":22,"h":40},"sourceSize":{"w":22,"h":40},"pivot":{"x":0.5,"y":0.5}},"bottle-1798.png":{"frame":{"x":930,"y":271,"w":38,"h":40},"rotated":false,"trimmed":false,"spriteSourceSize":{"x":0,"y":0,"w":38,"h":40},"sourceSize":{"w":38,"h":40},"pivot":{"x":0.5,"y":0.5}},"bottle-1775.png":{"frame":{"x":928,"y":228,"w":14,"h":38},"rotated":false,"trimmed":false,"spriteSourceSize":{"x":0,"y":0,"w":14,"h":38},"sourceSize":{"w":14,"h":38},"pivot":{"x":0.5,"y":0.5}},"bottle-1812.png":{"frame":{"x":972,"y":271,"w":21,"h":38},"rotated":false,"trimmed":false,"spriteSourceSize":{"x":0,"y":0,"w":21,"h":38},"sourceSize":{"w":21,"h":38},"pivot":{"x":0.5,"y":0.5}},"bottle-1817.png":{"frame":{"x":39,"y":494,"w":38,"h":22},"rotated":false,"trimmed":false,"spriteSourceSize":{"x":0,"y":0,"w":38,"h":22},"sourceSize":{"w":38,"h":22},"pivot":{"x":0.5,"y":0.5}},"arrow-asset-1652.png":{"frame":{"x":997,"y":284,"w":36,"h":36},"rotated":false,"trimmed":false,"spriteSourceSize":{"x":0,"y":0,"w":36,"h":36},"sourceSize":{"w":36,"h":36},"pivot":{"x":0.5,"y":0.5}},"bottle-1740.png":{"frame":{"x":930,"y":315,"w":36,"h":26},"rotated":false,"trimmed":false,"spriteSourceSize":{"x":0,"y":0,"w":36,"h":26},"sourceSize":{"w":36,"h":26},"pivot":{"x":0.5,"y":0.5}},"bottle-1771.png":{"frame":{"x":982,"y":324,"w":36,"h":26},"rotated":false,"trimmed":false,"spriteSourceSize":{"x":0,"y":0,"w":36,"h":26},"sourceSize":{"w":36,"h":26},"pivot":{"x":0.5,"y":0.5}},"bottle-1780.png":{"frame":{"x":930,"y":345,"w":36,"h":26},"rotated":false,"trimmed":false,"spriteSourceSize":{"x":0,"y":0,"w":36,"h":26},"sourceSize":{"w":36,"h":26},"pivot":{"x":0.5,"y":0.5}},"bottle-1800.png":{"frame":{"x":982,"y":354,"w":36,"h":26},"rotated":false,"trimmed":false,"spriteSourceSize":{"x":0,"y":0,"w":36,"h":26},"sourceSize":{"w":36,"h":26},"pivot":{"x":0.5,"y":0.5}},"bottle-1734.png":{"frame":{"x":1022,"y":324,"w":28,"h":35},"rotated":false,"trimmed":false,"spriteSourceSize":{"x":0,"y":0,"w":28,"h":35},"sourceSize":{"w":28,"h":35},"pivot":{"x":0.5,"y":0.5}},"bottle-1754.png":{"frame":{"x":1022,"y":363,"w":28,"h":35},"rotated":false,"trimmed":false,"spriteSourceSize":{"x":0,"y":0,"w":28,"h":35},"sourceSize":{"w":28,"h":35},"pivot":{"x":0.5,"y":0.5}},"bottle-1774.png":{"frame":{"x":982,"y":384,"w":28,"h":35},"rotated":false,"trimmed":false,"spriteSourceSize":{"x":0,"y":0,"w":28,"h":35},"sourceSize":{"w":28,"h":35},"pivot":{"x":0.5,"y":0.5}},"bottle-1792.png":{"frame":{"x":1014,"y":402,"w":28,"h":35},"rotated":false,"trimmed":false,"spriteSourceSize":{"x":0,"y":0,"w":28,"h":35},"sourceSize":{"w":28,"h":35},"pivot":{"x":0.5,"y":0.5}},"bottle-1816.png":{"frame":{"x":1037,"y":284,"w":19,"h":34},"rotated":false,"trimmed":false,"spriteSourceSize":{"x":0,"y":0,"w":19,"h":34},"sourceSize":{"w":19,"h":34},"pivot":{"x":0.5,"y":0.5}},"bottle-1776.png":{"frame":{"x":1038,"y":151,"w":18,"h":33},"rotated":false,"trimmed":false,"spriteSourceSize":{"x":0,"y":0,"w":18,"h":33},"sourceSize":{"w":18,"h":33},"pivot":{"x":0.5,"y":0.5}},"blood-particle-3.png":{"frame":{"x":962,"y":122,"w":15,"h":30},"rotated":false,"trimmed":false,"spriteSourceSize":{"x":0,"y":0,"w":15,"h":30},"sourceSize":{"w":15,"h":30},"pivot":{"x":0.5,"y":0.5}},"blood-particle-11.png":{"frame":{"x":532,"y":848,"w":29,"h":20},"rotated":false,"trimmed":false,"spriteSourceSize":{"x":0,"y":0,"w":29,"h":20},"sourceSize":{"w":29,"h":20},"pivot":{"x":0.5,"y":0.5}},"blood-particle-9.png":{"frame":{"x":578,"y":841,"w":22,"h":29},"rotated":false,"trimmed":false,"spriteSourceSize":{"x":0,"y":0,"w":22,"h":29},"sourceSize":{"w":22,"h":29},"pivot":{"x":0.5,"y":0.5}},"blood-particle-13.png":{"frame":{"x":982,"y":423,"w":28,"h":21},"rotated":false,"trimmed":false,"spriteSourceSize":{"x":0,"y":0,"w":28,"h":21},"sourceSize":{"w":28,"h":21},"pivot":{"x":0.5,"y":0.5}},"arrow-asset-1637.png":{"frame":{"x":1014,"y":441,"w":27,"h":27},"rotated":false,"trimmed":false,"spriteSourceSize":{"x":0,"y":0,"w":27,"h":27},"sourceSize":{"w":27,"h":27},"pivot":{"x":0.5,"y":0.5}},"blood-particle-5.png":{"frame":{"x":982,"y":448,"w":27,"h":26},"rotated":false,"trimmed":false,"spriteSourceSize":{"x":0,"y":0,"w":27,"h":26},"sourceSize":{"w":27,"h":26},"pivot":{"x":0.5,"y":0.5}},"blood-particle-7.png":{"frame":{"x":467,"y":339,"w":26,"h":23},"rotated":false,"trimmed":false,"spriteSourceSize":{"x":0,"y":0,"w":26,"h":23},"sourceSize":{"w":26,"h":23},"pivot":{"x":0.5,"y":0.5}},"bottle-1814.png":{"frame":{"x":1013,"y":472,"w":21,"h":26},"rotated":false,"trimmed":false,"spriteSourceSize":{"x":0,"y":0,"w":21,"h":26},"sourceSize":{"w":21,"h":26},"pivot":{"x":0.5,"y":0.5}},"bottle-1730.png":{"frame":{"x":982,"y":478,"w":25,"h":25},"rotated":false,"trimmed":false,"spriteSourceSize":{"x":0,"y":0,"w":25,"h":25},"sourceSize":{"w":25,"h":25},"pivot":{"x":0.5,"y":0.5}},"bottle-1772.png":{"frame":{"x":1011,"y":502,"w":19,"h":25},"rotated":false,"trimmed":false,"spriteSourceSize":{"x":0,"y":0,"w":19,"h":25},"sourceSize":{"w":19,"h":25},"pivot":{"x":0.5,"y":0.5}},"boombox-1688.png":{"frame":{"x":546,"y":334,"w":14,"h":23},"rotated":false,"trimmed":false,"spriteSourceSize":{"x":0,"y":0,"w":14,"h":23},"sourceSize":{"w":14,"h":23},"pivot":{"x":0.5,"y":0.5}},"bottle-1729.png":{"frame":{"x":81,"y":494,"w":14,"h":21},"rotated":false,"trimmed":false,"spriteSourceSize":{"x":0,"y":0,"w":14,"h":21},"sourceSize":{"w":14,"h":21},"pivot":{"x":0.5,"y":0.5}},"blood-particle-8.png":{"frame":{"x":497,"y":345,"w":20,"h":17},"rotated":false,"trimmed":false,"spriteSourceSize":{"x":0,"y":0,"w":20,"h":17},"sourceSize":{"w":20,"h":17},"pivot":{"x":0.5,"y":0.5}},"boombox-1686.png":{"frame":{"x":1034,"y":502,"w":20,"h":19},"rotated":false,"trimmed":false,"spriteSourceSize":{"x":0,"y":0,"w":20,"h":19},"sourceSize":{"w":20,"h":19},"pivot":{"x":0.5,"y":0.5}},"blood-particle-12.png":{"frame":{"x":962,"y":156,"w":16,"h":19},"rotated":false,"trimmed":false,"spriteSourceSize":{"x":0,"y":0,"w":16,"h":19},"sourceSize":{"w":16,"h":19},"pivot":{"x":0.5,"y":0.5}},"blood-particle-4.png":{"frame":{"x":301,"y":508,"w":19,"h":18},"rotated":false,"trimmed":false,"spriteSourceSize":{"x":0,"y":0,"w":19,"h":18},"sourceSize":{"w":19,"h":18},"pivot":{"x":0.5,"y":0.5}},"bottle-1744.png":{"frame":{"x":432,"y":712,"w":19,"h":13},"rotated":false,"trimmed":false,"spriteSourceSize":{"x":0,"y":0,"w":19,"h":13},"sourceSize":{"w":19,"h":13},"pivot":{"x":0.5,"y":0.5}},"bottle-1745.png":{"frame":{"x":1038,"y":472,"w":16,"h":19},"rotated":false,"trimmed":false,"spriteSourceSize":{"x":0,"y":0,"w":16,"h":19},"sourceSize":{"w":16,"h":19},"pivot":{"x":0.5,"y":0.5}},"bottle-1766.png":{"frame":{"x":1034,"y":525,"w":16,"h":19},"rotated":false,"trimmed":false,"spriteSourceSize":{"x":0,"y":0,"w":16,"h":19},"sourceSize":{"w":16,"h":19},"pivot":{"x":0.5,"y":0.5}},"bottle-1767.png":{"frame":{"x":521,"y":345,"w":19,"h":13},"rotated":false,"trimmed":false,"spriteSourceSize":{"x":0,"y":0,"w":19,"h":13},"sourceSize":{"w":19,"h":13},"pivot":{"x":0.5,"y":0.5}},"bottle-1784.png":{"frame":{"x":982,"y":507,"w":19,"h":13},"rotated":false,"trimmed":false,"spriteSourceSize":{"x":0,"y":0,"w":19,"h":13},"sourceSize":{"w":19,"h":13},"pivot":{"x":0.5,"y":0.5}},"bottle-1785.png":{"frame":{"x":982,"y":524,"w":16,"h":19},"rotated":false,"trimmed":false,"spriteSourceSize":{"x":0,"y":0,"w":16,"h":19},"sourceSize":{"w":16,"h":19},"pivot":{"x":0.5,"y":0.5}},"bottle-1804.png":{"frame":{"x":1002,"y":531,"w":19,"h":13},"rotated":false,"trimmed":false,"spriteSourceSize":{"x":0,"y":0,"w":19,"h":13},"sourceSize":{"w":19,"h":13},"pivot":{"x":0.5,"y":0.5}},"bottle-1805.png":{"frame":{"x":982,"y":547,"w":16,"h":19},"rotated":false,"trimmed":false,"spriteSourceSize":{"x":0,"y":0,"w":16,"h":19},"sourceSize":{"w":16,"h":19},"pivot":{"x":0.5,"y":0.5}},"bottle-1819.png":{"frame":{"x":930,"y":375,"w":19,"h":13},"rotated":false,"trimmed":false,"spriteSourceSize":{"x":0,"y":0,"w":19,"h":13},"sourceSize":{"w":19,"h":13},"pivot":{"x":0.5,"y":0.5}},"bottle-1820.png":{"frame":{"x":953,"y":375,"w":16,"h":19},"rotated":false,"trimmed":false,"spriteSourceSize":{"x":0,"y":0,"w":16,"h":19},"sourceSize":{"w":16,"h":19},"pivot":{"x":0.5,"y":0.5}},"boombox-1684.png":{"frame":{"x":324,"y":508,"w":16,"h":18},"rotated":false,"trimmed":false,"spriteSourceSize":{"x":0,"y":0,"w":16,"h":18},"sourceSize":{"w":16,"h":18},"pivot":{"x":0.5,"y":0.5}},"boombox-1687.png":{"frame":{"x":930,"y":392,"w":16,"h":18},"rotated":false,"trimmed":false,"spriteSourceSize":{"x":0,"y":0,"w":16,"h":18},"sourceSize":{"w":16,"h":18},"pivot":{"x":0.5,"y":0.5}},"boombox-1689.png":{"frame":{"x":565,"y":848,"w":9,"h":18},"rotated":false,"trimmed":false,"spriteSourceSize":{"x":0,"y":0,"w":9,"h":18},"sourceSize":{"w":9,"h":18},"pivot":{"x":0.5,"y":0.5}},"bottle-1746.png":{"frame":{"x":950,"y":398,"w":18,"h":17},"rotated":false,"trimmed":false,"spriteSourceSize":{"x":0,"y":0,"w":18,"h":17},"sourceSize":{"w":18,"h":17},"pivot":{"x":0.5,"y":0.5}},"bottle-1765.png":{"frame":{"x":928,"y":414,"w":18,"h":17},"rotated":false,"trimmed":false,"spriteSourceSize":{"x":0,"y":0,"w":18,"h":17},"sourceSize":{"w":18,"h":17},"pivot":{"x":0.5,"y":0.5}},"bottle-1786.png":{"frame":{"x":950,"y":419,"w":18,"h":17},"rotated":false,"trimmed":false,"spriteSourceSize":{"x":0,"y":0,"w":18,"h":17},"sourceSize":{"w":18,"h":17},"pivot":{"x":0.5,"y":0.5}},"bottle-1806.png":{"frame":{"x":928,"y":435,"w":18,"h":17},"rotated":false,"trimmed":false,"spriteSourceSize":{"x":0,"y":0,"w":18,"h":17},"sourceSize":{"w":18,"h":17},"pivot":{"x":0.5,"y":0.5}},"bottle-1821.png":{"frame":{"x":950,"y":440,"w":18,"h":17},"rotated":false,"trimmed":false,"spriteSourceSize":{"x":0,"y":0,"w":18,"h":17},"sourceSize":{"w":18,"h":17},"pivot":{"x":0.5,"y":0.5}},"bottle-1749.png":{"frame":{"x":1046,"y":240,"w":10,"h":17},"rotated":false,"trimmed":false,"spriteSourceSize":{"x":0,"y":0,"w":10,"h":17},"sourceSize":{"w":10,"h":17},"pivot":{"x":0.5,"y":0.5}},"bottle-1751.png":{"frame":{"x":928,"y":456,"w":17,"h":14},"rotated":false,"trimmed":false,"spriteSourceSize":{"x":0,"y":0,"w":17,"h":14},"sourceSize":{"w":17,"h":14},"pivot":{"x":0.5,"y":0.5}},"bottle-1760.png":{"frame":{"x":949,"y":461,"w":17,"h":14},"rotated":false,"trimmed":false,"spriteSourceSize":{"x":0,"y":0,"w":17,"h":14},"sourceSize":{"w":17,"h":14},"pivot":{"x":0.5,"y":0.5}},"bottle-1762.png":{"frame":{"x":1046,"y":402,"w":10,"h":17},"rotated":false,"trimmed":false,"spriteSourceSize":{"x":0,"y":0,"w":10,"h":17},"sourceSize":{"w":10,"h":17},"pivot":{"x":0.5,"y":0.5}},"bottle-1789.png":{"frame":{"x":1046,"y":261,"w":10,"h":17},"rotated":false,"trimmed":false,"spriteSourceSize":{"x":0,"y":0,"w":10,"h":17},"sourceSize":{"w":10,"h":17},"pivot":{"x":0.5,"y":0.5}},"bottle-1791.png":{"frame":{"x":928,"y":474,"w":17,"h":15},"rotated":false,"trimmed":false,"spriteSourceSize":{"x":0,"y":0,"w":17,"h":15},"sourceSize":{"w":17,"h":15},"pivot":{"x":0.5,"y":0.5}},"bottle-1809.png":{"frame":{"x":1046,"y":423,"w":10,"h":17},"rotated":false,"trimmed":false,"spriteSourceSize":{"x":0,"y":0,"w":10,"h":17},"sourceSize":{"w":10,"h":17},"pivot":{"x":0.5,"y":0.5}},"bottle-1811.png":{"frame":{"x":949,"y":479,"w":17,"h":14},"rotated":false,"trimmed":false,"spriteSourceSize":{"x":0,"y":0,"w":17,"h":14},"sourceSize":{"w":17,"h":14},"pivot":{"x":0.5,"y":0.5}},"bottle-1824.png":{"frame":{"x":655,"y":1048,"w":10,"h":17},"rotated":false,"trimmed":false,"spriteSourceSize":{"x":0,"y":0,"w":10,"h":17},"sourceSize":{"w":10,"h":17},"pivot":{"x":0.5,"y":0.5}},"bottle-1826.png":{"frame":{"x":928,"y":493,"w":17,"h":14},"rotated":false,"trimmed":false,"spriteSourceSize":{"x":0,"y":0,"w":17,"h":14},"sourceSize":{"w":17,"h":14},"pivot":{"x":0.5,"y":0.5}},"blood-particle-1.png":{"frame":{"x":949,"y":497,"w":16,"h":16},"rotated":false,"trimmed":false,"spriteSourceSize":{"x":0,"y":0,"w":16,"h":16},"sourceSize":{"w":16,"h":16},"pivot":{"x":0.5,"y":0.5}},"bottle-1750.png":{"frame":{"x":946,"y":228,"w":12,"h":16},"rotated":false,"trimmed":false,"spriteSourceSize":{"x":0,"y":0,"w":12,"h":16},"sourceSize":{"w":12,"h":16},"pivot":{"x":0.5,"y":0.5}},"bottle-1761.png":{"frame":{"x":946,"y":248,"w":12,"h":16},"rotated":false,"trimmed":false,"spriteSourceSize":{"x":0,"y":0,"w":12,"h":16},"sourceSize":{"w":12,"h":16},"pivot":{"x":0.5,"y":0.5}},"bottle-1790.png":{"frame":{"x":930,"y":511,"w":12,"h":16},"rotated":false,"trimmed":false,"spriteSourceSize":{"x":0,"y":0,"w":12,"h":16},"sourceSize":{"w":12,"h":16},"pivot":{"x":0.5,"y":0.5}},"bottle-1810.png":{"frame":{"x":946,"y":517,"w":12,"h":16},"rotated":false,"trimmed":false,"spriteSourceSize":{"x":0,"y":0,"w":12,"h":16},"sourceSize":{"w":12,"h":16},"pivot":{"x":0.5,"y":0.5}},"bottle-1825.png":{"frame":{"x":930,"y":531,"w":12,"h":16},"rotated":false,"trimmed":false,"spriteSourceSize":{"x":0,"y":0,"w":12,"h":16},"sourceSize":{"w":12,"h":16},"pivot":{"x":0.5,"y":0.5}},"boombox-1690.png":{"frame":{"x":962,"y":517,"w":15,"h":15},"rotated":false,"trimmed":false,"spriteSourceSize":{"x":0,"y":0,"w":15,"h":15},"sourceSize":{"w":15,"h":15},"pivot":{"x":0.5,"y":0.5}},"bottle-1747.png":{"frame":{"x":736,"y":1193,"w":15,"h":14},"rotated":false,"trimmed":false,"spriteSourceSize":{"x":0,"y":0,"w":15,"h":14},"sourceSize":{"w":15,"h":14},"pivot":{"x":0.5,"y":0.5}},"bottle-1764.png":{"frame":{"x":962,"y":536,"w":15,"h":14},"rotated":false,"trimmed":false,"spriteSourceSize":{"x":0,"y":0,"w":15,"h":14},"sourceSize":{"w":15,"h":14},"pivot":{"x":0.5,"y":0.5}},"bottle-1787.png":{"frame":{"x":930,"y":551,"w":15,"h":14},"rotated":false,"trimmed":false,"spriteSourceSize":{"x":0,"y":0,"w":15,"h":14},"sourceSize":{"w":15,"h":14},"pivot":{"x":0.5,"y":0.5}},"bottle-1807.png":{"frame":{"x":949,"y":554,"w":15,"h":14},"rotated":false,"trimmed":false,"spriteSourceSize":{"x":0,"y":0,"w":15,"h":14},"sourceSize":{"w":15,"h":14},"pivot":{"x":0.5,"y":0.5}},"bottle-1822.png":{"frame":{"x":930,"y":569,"w":15,"h":14},"rotated":false,"trimmed":false,"spriteSourceSize":{"x":0,"y":0,"w":15,"h":14},"sourceSize":{"w":15,"h":14},"pivot":{"x":0.5,"y":0.5}},"bottle-1748.png":{"frame":{"x":915,"y":587,"w":12,"h":13},"rotated":false,"trimmed":false,"spriteSourceSize":{"x":0,"y":0,"w":12,"h":13},"sourceSize":{"w":12,"h":13},"pivot":{"x":0.5,"y":0.5}},"bottle-1763.png":{"frame":{"x":915,"y":604,"w":12,"h":13},"rotated":false,"trimmed":false,"spriteSourceSize":{"x":0,"y":0,"w":12,"h":13},"sourceSize":{"w":12,"h":13},"pivot":{"x":0.5,"y":0.5}},"bottle-1788.png":{"frame":{"x":1002,"y":548,"w":12,"h":13},"rotated":false,"trimmed":false,"spriteSourceSize":{"x":0,"y":0,"w":12,"h":13},"sourceSize":{"w":12,"h":13},"pivot":{"x":0.5,"y":0.5}},"bottle-1808.png":{"frame":{"x":1018,"y":548,"w":12,"h":13},"rotated":false,"trimmed":false,"spriteSourceSize":{"x":0,"y":0,"w":12,"h":13},"sourceSize":{"w":12,"h":13},"pivot":{"x":0.5,"y":0.5}},"bottle-1823.png":{"frame":{"x":1034,"y":548,"w":12,"h":13},"rotated":false,"trimmed":false,"spriteSourceSize":{"x":0,"y":0,"w":12,"h":13},"sourceSize":{"w":12,"h":13},"pivot":{"x":0.5,"y":0.5}},"bottle-1743.png":{"frame":{"x":549,"y":24,"w":11,"h":11},"rotated":false,"trimmed":false,"spriteSourceSize":{"x":0,"y":0,"w":11,"h":11},"sourceSize":{"w":11,"h":11},"pivot":{"x":0.5,"y":0.5}},"bottle-1768.png":{"frame":{"x":915,"y":366,"w":11,"h":11},"rotated":false,"trimmed":false,"spriteSourceSize":{"x":0,"y":0,"w":11,"h":11},"sourceSize":{"w":11,"h":11},"pivot":{"x":0.5,"y":0.5}},"bottle-1783.png":{"frame":{"x":1045,"y":444,"w":11,"h":11},"rotated":false,"trimmed":false,"spriteSourceSize":{"x":0,"y":0,"w":11,"h":11},"sourceSize":{"w":11,"h":11},"pivot":{"x":0.5,"y":0.5}},"bottle-1803.png":{"frame":{"x":655,"y":1069,"w":11,"h":11},"rotated":false,"trimmed":false,"spriteSourceSize":{"x":0,"y":0,"w":11,"h":11},"sourceSize":{"w":11,"h":11},"pivot":{"x":0.5,"y":0.5}},"bottle-1818.png":{"frame":{"x":915,"y":511,"w":11,"h":11},"rotated":false,"trimmed":false,"spriteSourceSize":{"x":0,"y":0,"w":11,"h":11},"sourceSize":{"w":11,"h":11},"pivot":{"x":0.5,"y":0.5}},"boost-1694.png":{"frame":{"x":670,"y":1211,"w":6,"h":2},"rotated":false,"trimmed":false,"spriteSourceSize":{"x":0,"y":0,"w":6,"h":2},"sourceSize":{"w":6,"h":2},"pivot":{"x":0.5,"y":0.5}},"boost-1702.png":{"frame":{"x":366,"y":871,"w":6,"h":2},"rotated":false,"trimmed":false,"spriteSourceSize":{"x":0,"y":0,"w":6,"h":2},"sourceSize":{"w":6,"h":2},"pivot":{"x":0.5,"y":0.5}},"boost-1693.png":{"frame":{"x":848,"y":1032,"w":5,"h":2},"rotated":false,"trimmed":false,"spriteSourceSize":{"x":0,"y":0,"w":5,"h":2},"sourceSize":{"w":5,"h":2},"pivot":{"x":0.5,"y":0.5}},"boost-1710.png":{"frame":{"x":1002,"y":524,"w":5,"h":2},"rotated":false,"trimmed":false,"spriteSourceSize":{"x":0,"y":0,"w":5,"h":2},"sourceSize":{"w":5,"h":2},"pivot":{"x":0.5,"y":0.5}},"arrow-asset-1638.png":{"frame":{"x":825,"y":730,"w":2,"h":4},"rotated":false,"trimmed":false,"spriteSourceSize":{"x":0,"y":0,"w":2,"h":4},"sourceSize":{"w":2,"h":4},"pivot":{"x":0.5,"y":0.5}},"arrow-asset-1639.png":{"frame":{"x":825,"y":730,"w":2,"h":4},"rotated":false,"trimmed":false,"spriteSourceSize":{"x":0,"y":0,"w":2,"h":4},"sourceSize":{"w":2,"h":4},"pivot":{"x":0.5,"y":0.5}},"arrow-asset-1640.png":{"frame":{"x":825,"y":730,"w":2,"h":4},"rotated":false,"trimmed":false,"spriteSourceSize":{"x":0,"y":0,"w":2,"h":4},"sourceSize":{"w":2,"h":4},"pivot":{"x":0.5,"y":0.5}},"arrow-asset-1641.png":{"frame":{"x":825,"y":730,"w":2,"h":4},"rotated":false,"trimmed":false,"spriteSourceSize":{"x":0,"y":0,"w":2,"h":4},"sourceSize":{"w":2,"h":4},"pivot":{"x":0.5,"y":0.5}},"arrow-asset-1653.png":{"frame":{"x":972,"y":2,"w":84,"h":100},"rotated":false,"trimmed":false,"spriteSourceSize":{"x":0,"y":0,"w":84,"h":100},"sourceSize":{"w":84,"h":100},"pivot":{"x":0.5,"y":0.5}},"blood-particle-10.png":{"frame":{"x":949,"y":497,"w":16,"h":16},"rotated":false,"trimmed":false,"spriteSourceSize":{"x":0,"y":0,"w":16,"h":16},"sourceSize":{"w":16,"h":16},"pivot":{"x":0.5,"y":0.5}},"blood-particle-2.png":{"frame":{"x":949,"y":497,"w":16,"h":16},"rotated":false,"trimmed":false,"spriteSourceSize":{"x":0,"y":0,"w":16,"h":16},"sourceSize":{"w":16,"h":16},"pivot":{"x":0.5,"y":0.5}},"blood-particle-6.png":{"frame":{"x":949,"y":497,"w":16,"h":16},"rotated":false,"trimmed":false,"spriteSourceSize":{"x":0,"y":0,"w":16,"h":16},"sourceSize":{"w":16,"h":16},"pivot":{"x":0.5,"y":0.5}},"boost-1695.png":{"frame":{"x":670,"y":1211,"w":6,"h":2},"rotated":false,"trimmed":false,"spriteSourceSize":{"x":0,"y":0,"w":6,"h":2},"sourceSize":{"w":6,"h":2},"pivot":{"x":0.5,"y":0.5}},"boost-1696.png":{"frame":{"x":670,"y":1211,"w":6,"h":2},"rotated":false,"trimmed":false,"spriteSourceSize":{"x":0,"y":0,"w":6,"h":2},"sourceSize":{"w":6,"h":2},"pivot":{"x":0.5,"y":0.5}},"boost-1697.png":{"frame":{"x":670,"y":1211,"w":6,"h":2},"rotated":false,"trimmed":false,"spriteSourceSize":{"x":0,"y":0,"w":6,"h":2},"sourceSize":{"w":6,"h":2},"pivot":{"x":0.5,"y":0.5}},"boost-1698.png":{"frame":{"x":670,"y":1211,"w":6,"h":2},"rotated":false,"trimmed":false,"spriteSourceSize":{"x":0,"y":0,"w":6,"h":2},"sourceSize":{"w":6,"h":2},"pivot":{"x":0.5,"y":0.5}},"boost-1699.png":{"frame":{"x":670,"y":1211,"w":6,"h":2},"rotated":false,"trimmed":false,"spriteSourceSize":{"x":0,"y":0,"w":6,"h":2},"sourceSize":{"w":6,"h":2},"pivot":{"x":0.5,"y":0.5}},"boost-1700.png":{"frame":{"x":670,"y":1211,"w":6,"h":2},"rotated":false,"trimmed":false,"spriteSourceSize":{"x":0,"y":0,"w":6,"h":2},"sourceSize":{"w":6,"h":2},"pivot":{"x":0.5,"y":0.5}},"boost-1701.png":{"frame":{"x":670,"y":1211,"w":6,"h":2},"rotated":false,"trimmed":false,"spriteSourceSize":{"x":0,"y":0,"w":6,"h":2},"sourceSize":{"w":6,"h":2},"pivot":{"x":0.5,"y":0.5}},"boost-1703.png":{"frame":{"x":366,"y":871,"w":6,"h":2},"rotated":false,"trimmed":false,"spriteSourceSize":{"x":0,"y":0,"w":6,"h":2},"sourceSize":{"w":6,"h":2},"pivot":{"x":0.5,"y":0.5}},"boost-1704.png":{"frame":{"x":366,"y":871,"w":6,"h":2},"rotated":false,"trimmed":false,"spriteSourceSize":{"x":0,"y":0,"w":6,"h":2},"sourceSize":{"w":6,"h":2},"pivot":{"x":0.5,"y":0.5}},"boost-1705.png":{"frame":{"x":366,"y":871,"w":6,"h":2},"rotated":false,"trimmed":false,"spriteSourceSize":{"x":0,"y":0,"w":6,"h":2},"sourceSize":{"w":6,"h":2},"pivot":{"x":0.5,"y":0.5}},"boost-1706.png":{"frame":{"x":366,"y":871,"w":6,"h":2},"rotated":false,"trimmed":false,"spriteSourceSize":{"x":0,"y":0,"w":6,"h":2},"sourceSize":{"w":6,"h":2},"pivot":{"x":0.5,"y":0.5}},"boost-1707.png":{"frame":{"x":366,"y":871,"w":6,"h":2},"rotated":false,"trimmed":false,"spriteSourceSize":{"x":0,"y":0,"w":6,"h":2},"sourceSize":{"w":6,"h":2},"pivot":{"x":0.5,"y":0.5}},"boost-1708.png":{"frame":{"x":366,"y":871,"w":6,"h":2},"rotated":false,"trimmed":false,"spriteSourceSize":{"x":0,"y":0,"w":6,"h":2},"sourceSize":{"w":6,"h":2},"pivot":{"x":0.5,"y":0.5}},"boost-1709.png":{"frame":{"x":366,"y":871,"w":6,"h":2},"rotated":false,"trimmed":false,"spriteSourceSize":{"x":0,"y":0,"w":6,"h":2},"sourceSize":{"w":6,"h":2},"pivot":{"x":0.5,"y":0.5}},"boost-1716.png":{"frame":{"x":2,"y":2,"w":558,"h":18},"rotated":false,"trimmed":false,"spriteSourceSize":{"x":0,"y":0,"w":558,"h":18},"sourceSize":{"w":558,"h":18},"pivot":{"x":0.5,"y":0.5}},"boost-1721.png":{"frame":{"x":103,"y":24,"w":360,"h":360},"rotated":false,"trimmed":false,"spriteSourceSize":{"x":0,"y":0,"w":360,"h":360},"sourceSize":{"w":360,"h":360},"pivot":{"x":0.5,"y":0.5}}},"meta":{"app":"http://github.com/odrick/free-tex-packer-core","version":"0.1.9","image":"a.png","format":"RGBA8888","size":{"w":2048,"h":2048},"scale":1}}