{"frames":{"lawnmower-guy-asset-39.png":{"frame":{"x":2,"y":2,"w":236,"h":308},"rotated":false,"trimmed":false,"spriteSourceSize":{"x":0,"y":0,"w":236,"h":308},"sourceSize":{"w":236,"h":308},"pivot":{"x":0.5,"y":0.5}},"lawnmower-guy-asset-3.png":{"frame":{"x":242,"y":2,"w":292,"h":176},"rotated":false,"trimmed":false,"spriteSourceSize":{"x":0,"y":0,"w":292,"h":176},"sourceSize":{"w":292,"h":176},"pivot":{"x":0.5,"y":0.5}},"lawnmower-guy-asset-58.png":{"frame":{"x":2,"y":314,"w":170,"h":271},"rotated":false,"trimmed":false,"spriteSourceSize":{"x":0,"y":0,"w":170,"h":271},"sourceSize":{"w":170,"h":271},"pivot":{"x":0.5,"y":0.5}},"lawnmower-guy-asset-25.png":{"frame":{"x":176,"y":314,"w":180,"h":268},"rotated":false,"trimmed":false,"spriteSourceSize":{"x":0,"y":0,"w":180,"h":268},"sourceSize":{"w":180,"h":268},"pivot":{"x":0.5,"y":0.5}},"lawnmower-guy-asset-56.png":{"frame":{"x":360,"y":182,"w":170,"h":268},"rotated":false,"trimmed":false,"spriteSourceSize":{"x":0,"y":0,"w":170,"h":268},"sourceSize":{"w":170,"h":268},"pivot":{"x":0.5,"y":0.5}},"lawnmower-guy-asset-27.png":{"frame":{"x":538,"y":2,"w":180,"h":267},"rotated":false,"trimmed":false,"spriteSourceSize":{"x":0,"y":0,"w":180,"h":267},"sourceSize":{"w":180,"h":267},"pivot":{"x":0.5,"y":0.5}},"lawnmower-guy-asset-38.png":{"frame":{"x":2,"y":589,"w":237,"h":263},"rotated":false,"trimmed":false,"spriteSourceSize":{"x":0,"y":0,"w":237,"h":263},"sourceSize":{"w":237,"h":263},"pivot":{"x":0.5,"y":0.5}},"lawnmower-guy-asset-57.png":{"frame":{"x":243,"y":586,"w":165,"h":263},"rotated":false,"trimmed":false,"spriteSourceSize":{"x":0,"y":0,"w":165,"h":263},"sourceSize":{"w":165,"h":263},"pivot":{"x":0.5,"y":0.5}},"lawnmower-guy-asset-24.png":{"frame":{"x":534,"y":273,"w":166,"h":261},"rotated":false,"trimmed":false,"spriteSourceSize":{"x":0,"y":0,"w":166,"h":261},"sourceSize":{"w":166,"h":261},"pivot":{"x":0.5,"y":0.5}},"lawnmower-guy-asset-55.png":{"frame":{"x":412,"y":538,"w":165,"h":261},"rotated":false,"trimmed":false,"spriteSourceSize":{"x":0,"y":0,"w":165,"h":261},"sourceSize":{"w":165,"h":261},"pivot":{"x":0.5,"y":0.5}},"lawnmower-guy-asset-26.png":{"frame":{"x":722,"y":2,"w":166,"h":259},"rotated":false,"trimmed":false,"spriteSourceSize":{"x":0,"y":0,"w":166,"h":259},"sourceSize":{"w":166,"h":259},"pivot":{"x":0.5,"y":0.5}},"lawnmower-guy-asset-45.png":{"frame":{"x":581,"y":538,"w":239,"h":173},"rotated":false,"trimmed":false,"spriteSourceSize":{"x":0,"y":0,"w":239,"h":173},"sourceSize":{"w":239,"h":173},"pivot":{"x":0.5,"y":0.5}},"lawnmower-guy-asset-46.png":{"frame":{"x":2,"y":856,"w":239,"h":186},"rotated":false,"trimmed":false,"spriteSourceSize":{"x":0,"y":0,"w":239,"h":186},"sourceSize":{"w":239,"h":186},"pivot":{"x":0.5,"y":0.5}},"lawnmower-guy-asset-44.png":{"frame":{"x":245,"y":853,"w":204,"h":88},"rotated":false,"trimmed":false,"spriteSourceSize":{"x":0,"y":0,"w":204,"h":88},"sourceSize":{"w":204,"h":88},"pivot":{"x":0.5,"y":0.5}},"lawnmower-guy-asset-43.png":{"frame":{"x":453,"y":803,"w":204,"h":142},"rotated":false,"trimmed":false,"spriteSourceSize":{"x":0,"y":0,"w":204,"h":142},"sourceSize":{"w":204,"h":142},"pivot":{"x":0.5,"y":0.5}},"lawnmower-guy-asset-31.png":{"frame":{"x":722,"y":265,"w":117,"h":197},"rotated":false,"trimmed":false,"spriteSourceSize":{"x":0,"y":0,"w":117,"h":197},"sourceSize":{"w":117,"h":197},"pivot":{"x":0.5,"y":0.5}},"lawnmower-guy-asset-62.png":{"frame":{"x":661,"y":715,"w":119,"h":197},"rotated":false,"trimmed":false,"spriteSourceSize":{"x":0,"y":0,"w":119,"h":197},"sourceSize":{"w":119,"h":197},"pivot":{"x":0.5,"y":0.5}},"lawnmower-guy-asset-30.png":{"frame":{"x":892,"y":2,"w":121,"h":195},"rotated":false,"trimmed":false,"spriteSourceSize":{"x":0,"y":0,"w":121,"h":195},"sourceSize":{"w":121,"h":195},"pivot":{"x":0.5,"y":0.5}},"lawnmower-guy-asset-61.png":{"frame":{"x":843,"y":265,"w":123,"h":195},"rotated":false,"trimmed":false,"spriteSourceSize":{"x":0,"y":0,"w":123,"h":195},"sourceSize":{"w":123,"h":195},"pivot":{"x":0.5,"y":0.5}},"lawnmower-guy-asset-17.png":{"frame":{"x":843,"y":464,"w":95,"h":193},"rotated":false,"trimmed":false,"spriteSourceSize":{"x":0,"y":0,"w":95,"h":193},"sourceSize":{"w":95,"h":193},"pivot":{"x":0.5,"y":0.5}},"lawnmower-guy-asset-65.png":{"frame":{"x":824,"y":661,"w":95,"h":191},"rotated":false,"trimmed":false,"spriteSourceSize":{"x":0,"y":0,"w":95,"h":191},"sourceSize":{"w":95,"h":191},"pivot":{"x":0.5,"y":0.5}},"lawnmower-guy-asset-19.png":{"frame":{"x":1017,"y":2,"w":95,"h":190},"rotated":false,"trimmed":false,"spriteSourceSize":{"x":0,"y":0,"w":95,"h":190},"sourceSize":{"w":95,"h":190},"pivot":{"x":0.5,"y":0.5}},"lawnmower-guy-asset-67.png":{"frame":{"x":1017,"y":196,"w":95,"h":190},"rotated":false,"trimmed":false,"spriteSourceSize":{"x":0,"y":0,"w":95,"h":190},"sourceSize":{"w":95,"h":190},"pivot":{"x":0.5,"y":0.5}},"lawnmower-guy-asset-16.png":{"frame":{"x":970,"y":390,"w":95,"h":188},"rotated":false,"trimmed":false,"spriteSourceSize":{"x":0,"y":0,"w":95,"h":188},"sourceSize":{"w":95,"h":188},"pivot":{"x":0.5,"y":0.5}},"lawnmower-guy-asset-64.png":{"frame":{"x":942,"y":582,"w":95,"h":188},"rotated":false,"trimmed":false,"spriteSourceSize":{"x":0,"y":0,"w":95,"h":188},"sourceSize":{"w":95,"h":188},"pivot":{"x":0.5,"y":0.5}},"lawnmower-guy-asset-66.png":{"frame":{"x":923,"y":774,"w":95,"h":188},"rotated":false,"trimmed":false,"spriteSourceSize":{"x":0,"y":0,"w":95,"h":188},"sourceSize":{"w":95,"h":188},"pivot":{"x":0.5,"y":0.5}},"lawnmower-guy-asset-18.png":{"frame":{"x":784,"y":856,"w":95,"h":186},"rotated":false,"trimmed":false,"spriteSourceSize":{"x":0,"y":0,"w":95,"h":186},"sourceSize":{"w":95,"h":186},"pivot":{"x":0.5,"y":0.5}},"lawnmower-guy-asset-41.png":{"frame":{"x":2,"y":1046,"w":136,"h":186},"rotated":false,"trimmed":false,"spriteSourceSize":{"x":0,"y":0,"w":136,"h":186},"sourceSize":{"w":136,"h":186},"pivot":{"x":0.5,"y":0.5}},"lawnmower-guy-asset-33.png":{"frame":{"x":142,"y":1046,"w":130,"h":185},"rotated":false,"trimmed":false,"spriteSourceSize":{"x":0,"y":0,"w":130,"h":185},"sourceSize":{"w":130,"h":185},"pivot":{"x":0.5,"y":0.5}},"lawnmower-guy-asset-60.png":{"frame":{"x":661,"y":916,"w":117,"h":177},"rotated":false,"trimmed":false,"spriteSourceSize":{"x":0,"y":0,"w":117,"h":177},"sourceSize":{"w":117,"h":177},"pivot":{"x":0.5,"y":0.5}},"lawnmower-guy-asset-59.png":{"frame":{"x":782,"y":1046,"w":121,"h":174},"rotated":false,"trimmed":false,"spriteSourceSize":{"x":0,"y":0,"w":121,"h":174},"sourceSize":{"w":121,"h":174},"pivot":{"x":0.5,"y":0.5}},"lawnmower-guy-asset-29.png":{"frame":{"x":276,"y":945,"w":118,"h":174},"rotated":false,"trimmed":false,"spriteSourceSize":{"x":0,"y":0,"w":118,"h":174},"sourceSize":{"w":118,"h":174},"pivot":{"x":0.5,"y":0.5}},"lawnmower-guy-asset-28.png":{"frame":{"x":907,"y":966,"w":123,"h":172},"rotated":false,"trimmed":false,"spriteSourceSize":{"x":0,"y":0,"w":123,"h":172},"sourceSize":{"w":123,"h":172},"pivot":{"x":0.5,"y":0.5}},"lawnmower-guy-asset-34.png":{"frame":{"x":398,"y":949,"w":136,"h":166},"rotated":false,"trimmed":false,"spriteSourceSize":{"x":0,"y":0,"w":136,"h":166},"sourceSize":{"w":136,"h":166},"pivot":{"x":0.5,"y":0.5}},"lawnmower-guy-asset-35.png":{"frame":{"x":1116,"y":2,"w":141,"h":161},"rotated":false,"trimmed":false,"spriteSourceSize":{"x":0,"y":0,"w":141,"h":161},"sourceSize":{"w":141,"h":161},"pivot":{"x":0.5,"y":0.5}},"lawnmower-guy-asset-68.png":{"frame":{"x":1022,"y":774,"w":74,"h":156},"rotated":false,"trimmed":false,"spriteSourceSize":{"x":0,"y":0,"w":74,"h":156},"sourceSize":{"w":74,"h":156},"pivot":{"x":0.5,"y":0.5}},"lawnmower-guy-asset-42.png":{"frame":{"x":1116,"y":167,"w":127,"h":156},"rotated":false,"trimmed":false,"spriteSourceSize":{"x":0,"y":0,"w":127,"h":156},"sourceSize":{"w":127,"h":156},"pivot":{"x":0.5,"y":0.5}},"lawnmower-guy-asset-20.png":{"frame":{"x":1041,"y":582,"w":74,"h":155},"rotated":false,"trimmed":false,"spriteSourceSize":{"x":0,"y":0,"w":74,"h":155},"sourceSize":{"w":74,"h":155},"pivot":{"x":0.5,"y":0.5}},"lawnmower-guy-asset-37.png":{"frame":{"x":1116,"y":327,"w":140,"h":152},"rotated":false,"trimmed":false,"spriteSourceSize":{"x":0,"y":0,"w":140,"h":152},"sourceSize":{"w":140,"h":152},"pivot":{"x":0.5,"y":0.5}},"lawnmower-guy-asset-21.png":{"frame":{"x":538,"y":949,"w":74,"h":151},"rotated":false,"trimmed":false,"spriteSourceSize":{"x":0,"y":0,"w":74,"h":151},"sourceSize":{"w":74,"h":151},"pivot":{"x":0.5,"y":0.5}},"lawnmower-guy-asset-36.png":{"frame":{"x":1100,"y":741,"w":141,"h":147},"rotated":false,"trimmed":false,"spriteSourceSize":{"x":0,"y":0,"w":141,"h":147},"sourceSize":{"w":141,"h":147},"pivot":{"x":0.5,"y":0.5}},"lawnmower-guy-asset-32.png":{"frame":{"x":704,"y":466,"w":135,"h":67},"rotated":false,"trimmed":false,"spriteSourceSize":{"x":0,"y":0,"w":135,"h":67},"sourceSize":{"w":135,"h":67},"pivot":{"x":0.5,"y":0.5}},"lawnmower-guy-asset-54.png":{"frame":{"x":538,"y":1104,"w":126,"h":119},"rotated":false,"trimmed":false,"spriteSourceSize":{"x":0,"y":0,"w":126,"h":119},"sourceSize":{"w":126,"h":119},"pivot":{"x":0.5,"y":0.5}},"lawnmower-guy-asset-40.png":{"frame":{"x":360,"y":454,"w":121,"h":69},"rotated":false,"trimmed":false,"spriteSourceSize":{"x":0,"y":0,"w":121,"h":69},"sourceSize":{"w":121,"h":69},"pivot":{"x":0.5,"y":0.5}},"lawnmower-guy-asset-53.png":{"frame":{"x":668,"y":1097,"w":101,"h":118},"rotated":false,"trimmed":false,"spriteSourceSize":{"x":0,"y":0,"w":101,"h":118},"sourceSize":{"w":101,"h":118},"pivot":{"x":0.5,"y":0.5}},"lawnmower-guy-asset-51.png":{"frame":{"x":907,"y":1142,"w":64,"h":88},"rotated":false,"trimmed":false,"spriteSourceSize":{"x":0,"y":0,"w":64,"h":88},"sourceSize":{"w":64,"h":88},"pivot":{"x":0.5,"y":0.5}},"lawnmower-guy-asset-48.png":{"frame":{"x":892,"y":201,"w":85,"h":60},"rotated":false,"trimmed":false,"spriteSourceSize":{"x":0,"y":0,"w":85,"h":60},"sourceSize":{"w":85,"h":60},"pivot":{"x":0.5,"y":0.5}},"lawnmower-guy-asset-49.png":{"frame":{"x":581,"y":715,"w":62,"h":79},"rotated":false,"trimmed":false,"spriteSourceSize":{"x":0,"y":0,"w":62,"h":79},"sourceSize":{"w":62,"h":79},"pivot":{"x":0.5,"y":0.5}},"lawnmower-guy-asset-50.png":{"frame":{"x":975,"y":1142,"w":78,"h":55},"rotated":false,"trimmed":false,"spriteSourceSize":{"x":0,"y":0,"w":78,"h":55},"sourceSize":{"w":78,"h":55},"pivot":{"x":0.5,"y":0.5}},"lawnmower-guy-asset-47.png":{"frame":{"x":242,"y":182,"w":75,"h":56},"rotated":false,"trimmed":false,"spriteSourceSize":{"x":0,"y":0,"w":75,"h":56},"sourceSize":{"w":75,"h":56},"pivot":{"x":0.5,"y":0.5}},"heart-asset-2.png":{"frame":{"x":1069,"y":483,"w":52,"h":71},"rotated":false,"trimmed":false,"spriteSourceSize":{"x":0,"y":0,"w":52,"h":71},"sourceSize":{"w":52,"h":71},"pivot":{"x":0.5,"y":0.5}},"heart-asset-3.png":{"frame":{"x":276,"y":1123,"w":53,"h":71},"rotated":false,"trimmed":false,"spriteSourceSize":{"x":0,"y":0,"w":53,"h":71},"sourceSize":{"w":53,"h":71},"pivot":{"x":0.5,"y":0.5}},"heart-asset-4.png":{"frame":{"x":333,"y":1123,"w":53,"h":71},"rotated":false,"trimmed":false,"spriteSourceSize":{"x":0,"y":0,"w":53,"h":71},"sourceSize":{"w":53,"h":71},"pivot":{"x":0.5,"y":0.5}},"heart-asset-5.png":{"frame":{"x":390,"y":1123,"w":53,"h":71},"rotated":false,"trimmed":false,"spriteSourceSize":{"x":0,"y":0,"w":53,"h":71},"sourceSize":{"w":53,"h":71},"pivot":{"x":0.5,"y":0.5}},"heart-asset-1.png":{"frame":{"x":447,"y":1119,"w":51,"h":70},"rotated":false,"trimmed":false,"spriteSourceSize":{"x":0,"y":0,"w":51,"h":70},"sourceSize":{"w":51,"h":70},"pivot":{"x":0.5,"y":0.5}},"lawnmower-guy-asset-23.png":{"frame":{"x":1125,"y":483,"w":56,"h":69},"rotated":false,"trimmed":false,"spriteSourceSize":{"x":0,"y":0,"w":56,"h":69},"sourceSize":{"w":56,"h":69},"pivot":{"x":0.5,"y":0.5}},"lawnmower-guy-asset-52.png":{"frame":{"x":1185,"y":483,"w":69,"h":62},"rotated":false,"trimmed":false,"spriteSourceSize":{"x":0,"y":0,"w":69,"h":62},"sourceSize":{"w":69,"h":62},"pivot":{"x":0.5,"y":0.5}},"lawnmower-guy-asset-22.png":{"frame":{"x":242,"y":242,"w":50,"h":55},"rotated":false,"trimmed":false,"spriteSourceSize":{"x":0,"y":0,"w":50,"h":55},"sourceSize":{"w":50,"h":55},"pivot":{"x":0.5,"y":0.5}},"lawnmower-guy-asset-5.png":{"frame":{"x":1245,"y":549,"w":11,"h":32},"rotated":false,"trimmed":false,"spriteSourceSize":{"x":0,"y":0,"w":11,"h":32},"sourceSize":{"w":11,"h":32},"pivot":{"x":0.5,"y":0.5}},"lawnmower-guy-asset-9.png":{"frame":{"x":981,"y":201,"w":31,"h":11},"rotated":false,"trimmed":false,"spriteSourceSize":{"x":0,"y":0,"w":31,"h":11},"sourceSize":{"w":31,"h":11},"pivot":{"x":0.5,"y":0.5}},"lawnmower-guy-asset-8.png":{"frame":{"x":942,"y":464,"w":24,"h":27},"rotated":false,"trimmed":false,"spriteSourceSize":{"x":0,"y":0,"w":24,"h":27},"sourceSize":{"w":24,"h":27},"pivot":{"x":0.5,"y":0.5}},"lawnmower-guy-asset-10.png":{"frame":{"x":942,"y":495,"w":24,"h":21},"rotated":false,"trimmed":false,"spriteSourceSize":{"x":0,"y":0,"w":24,"h":21},"sourceSize":{"w":24,"h":21},"pivot":{"x":0.5,"y":0.5}},"lawnmower-guy-asset-14.png":{"frame":{"x":942,"y":520,"w":21,"h":24},"rotated":false,"trimmed":false,"spriteSourceSize":{"x":0,"y":0,"w":21,"h":24},"sourceSize":{"w":21,"h":24},"pivot":{"x":0.5,"y":0.5}},"lawnmower-guy-asset-4.png":{"frame":{"x":942,"y":548,"w":24,"h":21},"rotated":false,"trimmed":false,"spriteSourceSize":{"x":0,"y":0,"w":24,"h":21},"sourceSize":{"w":24,"h":21},"pivot":{"x":0.5,"y":0.5}},"lawnmower-guy-asset-12.png":{"frame":{"x":1069,"y":558,"w":23,"h":20},"rotated":false,"trimmed":false,"spriteSourceSize":{"x":0,"y":0,"w":23,"h":20},"sourceSize":{"w":23,"h":20},"pivot":{"x":0.5,"y":0.5}},"lawnmower-guy-asset-13.png":{"frame":{"x":245,"y":945,"w":23,"h":23},"rotated":false,"trimmed":false,"spriteSourceSize":{"x":0,"y":0,"w":23,"h":23},"sourceSize":{"w":23,"h":23},"pivot":{"x":0.5,"y":0.5}},"lawnmower-guy-asset-11.png":{"frame":{"x":245,"y":972,"w":22,"h":22},"rotated":false,"trimmed":false,"spriteSourceSize":{"x":0,"y":0,"w":22,"h":22},"sourceSize":{"w":22,"h":22},"pivot":{"x":0.5,"y":0.5}},"lawnmower-guy-asset-15.png":{"frame":{"x":245,"y":998,"w":22,"h":22},"rotated":false,"trimmed":false,"spriteSourceSize":{"x":0,"y":0,"w":22,"h":22},"sourceSize":{"w":22,"h":22},"pivot":{"x":0.5,"y":0.5}},"lawnmower-guy-asset-6.png":{"frame":{"x":883,"y":856,"w":20,"h":17},"rotated":false,"trimmed":false,"spriteSourceSize":{"x":0,"y":0,"w":20,"h":17},"sourceSize":{"w":20,"h":17},"pivot":{"x":0.5,"y":0.5}},"lawnmower-guy-asset-7.png":{"frame":{"x":245,"y":1024,"w":18,"h":18},"rotated":false,"trimmed":false,"spriteSourceSize":{"x":0,"y":0,"w":18,"h":18},"sourceSize":{"w":18,"h":18},"pivot":{"x":0.5,"y":0.5}},"lawnmower-guy-asset-1.png":{"frame":{"x":1247,"y":167,"w":10,"h":10},"rotated":false,"trimmed":false,"spriteSourceSize":{"x":0,"y":0,"w":10,"h":10},"sourceSize":{"w":10,"h":10},"pivot":{"x":0.5,"y":0.5}},"lawnmower-guy-asset-2.png":{"frame":{"x":647,"y":715,"w":10,"h":10},"rotated":false,"trimmed":false,"spriteSourceSize":{"x":0,"y":0,"w":10,"h":10},"sourceSize":{"w":10,"h":10},"pivot":{"x":0.5,"y":0.5}},"heart-asset-6.png":{"frame":{"x":447,"y":1119,"w":51,"h":70},"rotated":false,"trimmed":false,"spriteSourceSize":{"x":0,"y":0,"w":51,"h":70},"sourceSize":{"w":51,"h":70},"pivot":{"x":0.5,"y":0.5}},"lawnmower-guy-asset-63.png":{"frame":{"x":704,"y":466,"w":135,"h":67},"rotated":false,"trimmed":false,"spriteSourceSize":{"x":0,"y":0,"w":135,"h":67},"sourceSize":{"w":135,"h":67},"pivot":{"x":0.5,"y":0.5}}},"meta":{"app":"http://github.com/odrick/free-tex-packer-core","version":"0.1.9","image":"a.png","format":"RGBA8888","size":{"w":2048,"h":2048},"scale":1}}