{"frames":{"game-ui-asset-38":{"frame":{"x":1,"y":1,"w":341,"h":805},"sourceSize":{"w":341,"h":805}},"beam-asset":{"frame":{"x":1,"y":808,"w":132,"h":575},"sourceSize":{"w":132,"h":575}},"game-ui-key-asset-40":{"frame":{"x":135,"y":808,"w":156,"h":164},"sourceSize":{"w":156,"h":164}},"game-ui-key-asset-38":{"frame":{"x":135,"y":974,"w":156,"h":164},"sourceSize":{"w":156,"h":164}},"game-ui-key-asset-32":{"frame":{"x":135,"y":1140,"w":156,"h":164},"sourceSize":{"w":156,"h":164}},"game-ui-85":{"frame":{"x":135,"y":1306,"w":72,"h":72},"sourceSize":{"w":72,"h":72}},"game-ui-81":{"frame":{"x":209,"y":1306,"w":60,"h":60},"sourceSize":{"w":60,"h":60}},"game-ui-44":{"frame":{"x":271,"y":1306,"w":60,"h":60},"sourceSize":{"w":60,"h":60}},"button-asset-3":{"frame":{"x":1,"y":1385,"w":336,"h":120},"sourceSize":{"w":336,"h":120}},"button-asset-blue-1":{"frame":{"x":1,"y":1507,"w":335,"h":112},"sourceSize":{"w":335,"h":112}},"game-ui-23":{"frame":{"x":1,"y":1621,"w":331,"h":198},"sourceSize":{"w":331,"h":198}},"game-ui-18":{"frame":{"x":1,"y":1821,"w":331,"h":198},"sourceSize":{"w":331,"h":198}},"game-ui-asset-36":{"frame":{"x":344,"y":1,"w":802,"h":804},"sourceSize":{"w":802,"h":804}},"game-ui-asset-26":{"frame":{"x":1148,"y":1,"w":427,"h":767},"sourceSize":{"w":427,"h":767}},"game-ui-asset-24":{"frame":{"x":1577,"y":1,"w":466,"h":533},"sourceSize":{"w":466,"h":533}},"game-ui-drop-menu-asset-20":{"frame":{"x":1577,"y":536,"w":434,"h":90},"sourceSize":{"w":434,"h":90}},"game-ui-key-asset-31":{"frame":{"x":1577,"y":628,"w":432,"h":142},"sourceSize":{"w":432,"h":142}},"generic-btn-light-grey":{"frame":{"x":344,"y":807,"w":712,"h":152},"sourceSize":{"w":712,"h":152}},"generic-btn-blue":{"frame":{"x":1058,"y":807,"w":712,"h":152},"sourceSize":{"w":712,"h":152}},"star-asset-5":{"frame":{"x":1772,"y":807,"w":248,"h":66},"sourceSize":{"w":248,"h":66}},"game-ui-70":{"frame":{"x":1772,"y":875,"w":78,"h":82},"sourceSize":{"w":78,"h":82}},"game-ui-69":{"frame":{"x":1852,"y":875,"w":70,"h":82},"sourceSize":{"w":70,"h":82}},"game-ui-65":{"frame":{"x":1924,"y":875,"w":70,"h":82},"sourceSize":{"w":70,"h":82}},"generic-btn-yellow":{"frame":{"x":344,"y":961,"w":712,"h":151},"sourceSize":{"w":712,"h":151}},"generic-btn-grey":{"frame":{"x":344,"y":1114,"w":712,"h":152},"sourceSize":{"w":712,"h":152}},"generic-btn-green":{"frame":{"x":344,"y":1268,"w":711,"h":152},"sourceSize":{"w":711,"h":152}},"generic-btn-red":{"frame":{"x":344,"y":1422,"w":711,"h":152},"sourceSize":{"w":711,"h":152}},"level-browser-asset":{"frame":{"x":344,"y":1576,"w":700,"h":352},"sourceSize":{"w":700,"h":352}},"game-ui-54":{"frame":{"x":344,"y":1930,"w":692,"h":110},"sourceSize":{"w":692,"h":110}},"game-ui-107":{"frame":{"x":1058,"y":961,"w":695,"h":123},"sourceSize":{"w":695,"h":123}},"game-ui-28":{"frame":{"x":1755,"y":961,"w":105,"h":104},"sourceSize":{"w":105,"h":104}},"translucent-white-box":{"frame":{"x":1862,"y":961,"w":100,"h":100},"sourceSize":{"w":100,"h":100}},"game-ui-75":{"frame":{"x":1964,"y":961,"w":82,"h":86},"sourceSize":{"w":82,"h":86}},"game-ui-key-asset-7":{"frame":{"x":1058,"y":1086,"w":692,"h":374},"sourceSize":{"w":692,"h":374}},"game-ui-asset-35":{"frame":{"x":1752,"y":1086,"w":293,"h":273},"sourceSize":{"w":293,"h":273}},"game-ui-73":{"frame":{"x":1752,"y":1361,"w":73,"h":86},"sourceSize":{"w":73,"h":86}},"game-ui-72":{"frame":{"x":1827,"y":1361,"w":84,"h":86},"sourceSize":{"w":84,"h":86}},"game-ui-67":{"frame":{"x":1913,"y":1361,"w":80,"h":86},"sourceSize":{"w":80,"h":86}},"game-ui-63":{"frame":{"x":1995,"y":1361,"w":52,"h":56},"sourceSize":{"w":52,"h":56}},"game-ui-asset-27":{"frame":{"x":1058,"y":1462,"w":656,"h":471},"sourceSize":{"w":656,"h":471}},"game-ui-87":{"frame":{"x":1058,"y":1935,"w":603,"h":85},"sourceSize":{"w":603,"h":85}},"game-ui-key-asset-29":{"frame":{"x":1716,"y":1462,"w":302,"h":142},"sourceSize":{"w":302,"h":142}},"game-ui-key-asset-28":{"frame":{"x":1716,"y":1606,"w":302,"h":164},"sourceSize":{"w":302,"h":164}},"game-ui-43":{"frame":{"x":1716,"y":1772,"w":300,"h":150},"sourceSize":{"w":300,"h":150}},"game-ui-66":{"frame":{"x":1716,"y":1924,"w":79,"h":86},"sourceSize":{"w":79,"h":86}},"game-ui-71":{"frame":{"x":1797,"y":1924,"w":84,"h":85},"sourceSize":{"w":84,"h":85}},"game-ui-76":{"frame":{"x":1883,"y":1924,"w":67,"h":81},"sourceSize":{"w":67,"h":81}},"game-ui-68":{"frame":{"x":1952,"y":1924,"w":79,"h":81},"sourceSize":{"w":79,"h":81}}},"meta":{"app":"PixiAnimate","scale":1,"image":"game_ui_atlas_3.png","size":{"w":2048,"h":2048}}}