{"frames":{"start-placeholder-santa-vehicle.png":{"frame":{"x":2,"y":2,"w":926,"h":325},"rotated":false,"trimmed":false,"spriteSourceSize":{"x":0,"y":0,"w":926,"h":325},"sourceSize":{"w":926,"h":325},"pivot":{"x":0.5,"y":0.5}},"start-placeholder-lawnmower-guy-vehicle.png":{"frame":{"x":2,"y":331,"w":600,"h":376},"rotated":false,"trimmed":false,"spriteSourceSize":{"x":0,"y":0,"w":600,"h":376},"sourceSize":{"w":600,"h":376},"pivot":{"x":0.5,"y":0.5}},"start-placeholder-moped-couple-vehicle.png":{"frame":{"x":2,"y":711,"w":558,"h":484},"rotated":false,"trimmed":false,"spriteSourceSize":{"x":0,"y":0,"w":558,"h":484},"sourceSize":{"w":558,"h":484},"pivot":{"x":0.5,"y":0.5}},"start-placeholder-segway-guy-background.png":{"frame":{"x":606,"y":331,"w":124,"h":526},"rotated":false,"trimmed":false,"spriteSourceSize":{"x":0,"y":0,"w":124,"h":526},"sourceSize":{"w":124,"h":526},"pivot":{"x":0.5,"y":0.5}},"start-placeholder-santa-background.png":{"frame":{"x":932,"y":2,"w":272,"h":496},"rotated":false,"trimmed":false,"spriteSourceSize":{"x":0,"y":0,"w":272,"h":496},"sourceSize":{"w":272,"h":496},"pivot":{"x":0.5,"y":0.5}},"start-placeholder-pogostick-man-background.png":{"frame":{"x":734,"y":331,"w":167,"h":468},"rotated":false,"trimmed":false,"spriteSourceSize":{"x":0,"y":0,"w":167,"h":468},"sourceSize":{"w":167,"h":468},"pivot":{"x":0.5,"y":0.5}},"start-placeholder-lawnmower-guy-foreground.png":{"frame":{"x":905,"y":502,"w":256,"h":458},"rotated":false,"trimmed":false,"spriteSourceSize":{"x":0,"y":0,"w":256,"h":458},"sourceSize":{"w":256,"h":458},"pivot":{"x":0.5,"y":0.5}},"start-placeholder-pogostick-man-foreground.png":{"frame":{"x":2,"y":1199,"w":178,"h":392},"rotated":false,"trimmed":false,"spriteSourceSize":{"x":0,"y":0,"w":178,"h":392},"sourceSize":{"w":178,"h":392},"pivot":{"x":0.5,"y":0.5}},"start-placeholder-pogostick-man-vehicle.png":{"frame":{"x":734,"y":803,"w":114,"h":329},"rotated":false,"trimmed":false,"spriteSourceSize":{"x":0,"y":0,"w":114,"h":329},"sourceSize":{"w":114,"h":329},"pivot":{"x":0.5,"y":0.5}},"start-placeholder-segway-guy-foreground.png":{"frame":{"x":564,"y":861,"w":105,"h":88},"rotated":false,"trimmed":false,"spriteSourceSize":{"x":0,"y":0,"w":105,"h":88},"sourceSize":{"w":105,"h":88},"pivot":{"x":0.5,"y":0.5}}},"meta":{"app":"http://github.com/odrick/free-tex-packer-core","version":"0.1.9","image":"s.png","format":"RGBA8888","size":{"w":2048,"h":2048},"scale":1}}