{"frames":{"paddle-base.png":{"frame":{"x":2,"y":2,"w":700,"h":80},"rotated":false,"trimmed":false,"spriteSourceSize":{"x":0,"y":0,"w":700,"h":80},"sourceSize":{"w":700,"h":80},"pivot":{"x":0.5,"y":0.5}},"springbox-graphic.png":{"frame":{"x":2,"y":86,"w":691,"h":56},"rotated":false,"trimmed":false,"spriteSourceSize":{"x":0,"y":0,"w":691,"h":56},"sourceSize":{"w":691,"h":56},"pivot":{"x":0.5,"y":0.5}},"paddle-paddle.png":{"frame":{"x":2,"y":146,"w":664,"h":63},"rotated":false,"trimmed":false,"spriteSourceSize":{"x":0,"y":0,"w":664,"h":63},"sourceSize":{"w":664,"h":63},"pivot":{"x":0.5,"y":0.5}},"spike-platform.png":{"frame":{"x":2,"y":213,"w":600,"h":40},"rotated":false,"trimmed":false,"spriteSourceSize":{"x":0,"y":0,"w":600,"h":40},"sourceSize":{"w":600,"h":40},"pivot":{"x":0.5,"y":0.5}},"table-mc-top.png":{"frame":{"x":2,"y":257,"w":468,"h":18},"rotated":false,"trimmed":false,"spriteSourceSize":{"x":0,"y":0,"w":468,"h":18},"sourceSize":{"w":468,"h":18},"pivot":{"x":0.5,"y":0.5}},"springbox-base-box.png":{"frame":{"x":2,"y":279,"w":350,"h":32},"rotated":false,"trimmed":false,"spriteSourceSize":{"x":0,"y":0,"w":350,"h":32},"sourceSize":{"w":350,"h":32},"pivot":{"x":0.5,"y":0.5}},"post.png":{"frame":{"x":2,"y":315,"w":6,"h":284},"rotated":false,"trimmed":false,"spriteSourceSize":{"x":0,"y":0,"w":6,"h":284},"sourceSize":{"w":6,"h":284},"pivot":{"x":0.5,"y":0.5}},"NPC-1112.png":{"frame":{"x":12,"y":315,"w":109,"h":258},"rotated":false,"trimmed":false,"spriteSourceSize":{"x":0,"y":0,"w":109,"h":258},"sourceSize":{"w":109,"h":258},"pivot":{"x":0.5,"y":0.5}},"NPC-1116.png":{"frame":{"x":125,"y":315,"w":118,"h":258},"rotated":false,"trimmed":false,"spriteSourceSize":{"x":0,"y":0,"w":118,"h":258},"sourceSize":{"w":118,"h":258},"pivot":{"x":0.5,"y":0.5}},"NPC-1114.png":{"frame":{"x":247,"y":315,"w":109,"h":257},"rotated":false,"trimmed":false,"spriteSourceSize":{"x":0,"y":0,"w":109,"h":257},"sourceSize":{"w":109,"h":257},"pivot":{"x":0.5,"y":0.5}},"sign-post-sign-11.png":{"frame":{"x":360,"y":279,"w":140,"h":240},"rotated":false,"trimmed":false,"spriteSourceSize":{"x":0,"y":0,"w":140,"h":240},"sourceSize":{"w":140,"h":240},"pivot":{"x":0.5,"y":0.5}},"sign-post-sign-12.png":{"frame":{"x":2,"y":603,"w":240,"h":140},"rotated":false,"trimmed":false,"spriteSourceSize":{"x":0,"y":0,"w":240,"h":140},"sourceSize":{"w":240,"h":140},"pivot":{"x":0.5,"y":0.5}},"sign-post-sign-13.png":{"frame":{"x":504,"y":257,"w":140,"h":240},"rotated":false,"trimmed":false,"spriteSourceSize":{"x":0,"y":0,"w":140,"h":240},"sourceSize":{"w":140,"h":240},"pivot":{"x":0.5,"y":0.5}},"sign-post-sign-14.png":{"frame":{"x":246,"y":577,"w":240,"h":140},"rotated":false,"trimmed":false,"spriteSourceSize":{"x":0,"y":0,"w":240,"h":140},"sourceSize":{"w":240,"h":140},"pivot":{"x":0.5,"y":0.5}},"sign-post-sign-1.png":{"frame":{"x":706,"y":2,"w":237,"h":208},"rotated":false,"trimmed":false,"spriteSourceSize":{"x":0,"y":0,"w":237,"h":208},"sourceSize":{"w":237,"h":208},"pivot":{"x":0.5,"y":0.5}},"sign-post-sign-2.png":{"frame":{"x":490,"y":523,"w":237,"h":208},"rotated":false,"trimmed":false,"spriteSourceSize":{"x":0,"y":0,"w":237,"h":208},"sourceSize":{"w":237,"h":208},"pivot":{"x":0.5,"y":0.5}},"sign-post-sign-3.png":{"frame":{"x":648,"y":214,"w":237,"h":208},"rotated":false,"trimmed":false,"spriteSourceSize":{"x":0,"y":0,"w":237,"h":208},"sourceSize":{"w":237,"h":208},"pivot":{"x":0.5,"y":0.5}},"sign-post-sign-4.png":{"frame":{"x":2,"y":747,"w":237,"h":208},"rotated":false,"trimmed":false,"spriteSourceSize":{"x":0,"y":0,"w":237,"h":208},"sourceSize":{"w":237,"h":208},"pivot":{"x":0.5,"y":0.5}},"sign-post-sign-5.png":{"frame":{"x":243,"y":747,"w":237,"h":208},"rotated":false,"trimmed":false,"spriteSourceSize":{"x":0,"y":0,"w":237,"h":208},"sourceSize":{"w":237,"h":208},"pivot":{"x":0.5,"y":0.5}},"sign-post-sign-6.png":{"frame":{"x":484,"y":735,"w":237,"h":208},"rotated":false,"trimmed":false,"spriteSourceSize":{"x":0,"y":0,"w":237,"h":208},"sourceSize":{"w":237,"h":208},"pivot":{"x":0.5,"y":0.5}},"sign-post-sign-7.png":{"frame":{"x":947,"y":2,"w":237,"h":208},"rotated":false,"trimmed":false,"spriteSourceSize":{"x":0,"y":0,"w":237,"h":208},"sourceSize":{"w":237,"h":208},"pivot":{"x":0.5,"y":0.5}},"sign-post-sign-8.png":{"frame":{"x":725,"y":735,"w":237,"h":208},"rotated":false,"trimmed":false,"spriteSourceSize":{"x":0,"y":0,"w":237,"h":208},"sourceSize":{"w":237,"h":208},"pivot":{"x":0.5,"y":0.5}},"table-mc-top-broken-1.png":{"frame":{"x":504,"y":501,"w":234,"h":18},"rotated":false,"trimmed":true,"spriteSourceSize":{"x":0,"y":0,"w":234,"h":18},"sourceSize":{"w":235,"h":18},"pivot":{"x":0.5,"y":0.5}},"table-mc-top-broken-2.png":{"frame":{"x":246,"y":721,"w":234,"h":18},"rotated":false,"trimmed":false,"spriteSourceSize":{"x":0,"y":0,"w":234,"h":18},"sourceSize":{"w":234,"h":18},"pivot":{"x":0.5,"y":0.5}},"NPC-1117.png":{"frame":{"x":742,"y":426,"w":73,"h":209},"rotated":false,"trimmed":false,"spriteSourceSize":{"x":0,"y":0,"w":73,"h":209},"sourceSize":{"w":73,"h":209},"pivot":{"x":0.5,"y":0.5}},"pris-joint.png":{"frame":{"x":966,"y":214,"w":204,"h":62},"rotated":false,"trimmed":false,"spriteSourceSize":{"x":0,"y":0,"w":204,"h":62},"sourceSize":{"w":204,"h":62},"pivot":{"x":0.5,"y":0.5}},"sign-post-sign-10.png":{"frame":{"x":966,"y":280,"w":202,"h":202},"rotated":false,"trimmed":false,"spriteSourceSize":{"x":0,"y":0,"w":202,"h":202},"sourceSize":{"w":202,"h":202},"pivot":{"x":0.5,"y":0.5}},"sign-post-sign-9.png":{"frame":{"x":966,"y":486,"w":202,"h":202},"rotated":false,"trimmed":false,"spriteSourceSize":{"x":0,"y":0,"w":202,"h":202},"sourceSize":{"w":202,"h":202},"pivot":{"x":0.5,"y":0.5}},"rail.png":{"frame":{"x":731,"y":692,"w":200,"h":36},"rotated":false,"trimmed":false,"spriteSourceSize":{"x":0,"y":0,"w":200,"h":36},"sourceSize":{"w":200,"h":36},"pivot":{"x":0.5,"y":0.5}},"NPC-1118.png":{"frame":{"x":819,"y":426,"w":75,"h":200},"rotated":false,"trimmed":false,"spriteSourceSize":{"x":0,"y":0,"w":75,"h":200},"sourceSize":{"w":75,"h":200},"pivot":{"x":0.5,"y":0.5}},"NPC-1119.png":{"frame":{"x":966,"y":692,"w":75,"h":193},"rotated":false,"trimmed":false,"spriteSourceSize":{"x":0,"y":0,"w":75,"h":193},"sourceSize":{"w":75,"h":193},"pivot":{"x":0.5,"y":0.5}},"NPC-1120.png":{"frame":{"x":1045,"y":692,"w":78,"h":184},"rotated":false,"trimmed":false,"spriteSourceSize":{"x":0,"y":0,"w":78,"h":184},"sourceSize":{"w":78,"h":184},"pivot":{"x":0.5,"y":0.5}},"NPC-1126.png":{"frame":{"x":1127,"y":692,"w":56,"h":177},"rotated":false,"trimmed":false,"spriteSourceSize":{"x":0,"y":0,"w":56,"h":177},"sourceSize":{"w":56,"h":177},"pivot":{"x":0.5,"y":0.5}},"toilet-ref-base.png":{"frame":{"x":2,"y":959,"w":170,"h":113},"rotated":false,"trimmed":false,"spriteSourceSize":{"x":0,"y":0,"w":170,"h":113},"sourceSize":{"w":170,"h":113},"pivot":{"x":0.5,"y":0.5}},"NPC-1123.png":{"frame":{"x":1127,"y":873,"w":57,"h":169},"rotated":false,"trimmed":false,"spriteSourceSize":{"x":0,"y":0,"w":57,"h":169},"sourceSize":{"w":57,"h":169},"pivot":{"x":0.5,"y":0.5}},"toilet-base-piece-1.png":{"frame":{"x":2,"y":1076,"w":168,"h":155},"rotated":false,"trimmed":false,"spriteSourceSize":{"x":0,"y":0,"w":168,"h":155},"sourceSize":{"w":168,"h":155},"pivot":{"x":0.5,"y":0.5}},"NPC-1122.png":{"frame":{"x":898,"y":214,"w":58,"h":158},"rotated":false,"trimmed":false,"spriteSourceSize":{"x":0,"y":0,"w":58,"h":158},"sourceSize":{"w":58,"h":158},"pivot":{"x":0.5,"y":0.5}},"NPC-1125.png":{"frame":{"x":898,"y":376,"w":58,"h":158},"rotated":false,"trimmed":false,"spriteSourceSize":{"x":0,"y":0,"w":58,"h":158},"sourceSize":{"w":58,"h":158},"pivot":{"x":0.5,"y":0.5}},"spike-clean.png":{"frame":{"x":1172,"y":280,"w":12,"h":150},"rotated":false,"trimmed":false,"spriteSourceSize":{"x":0,"y":0,"w":12,"h":150},"sourceSize":{"w":12,"h":150},"pivot":{"x":0.5,"y":0.5}},"table-mc-leg-broken.png":{"frame":{"x":898,"y":538,"w":18,"h":150},"rotated":false,"trimmed":false,"spriteSourceSize":{"x":0,"y":0,"w":18,"h":150},"sourceSize":{"w":18,"h":150},"pivot":{"x":0.5,"y":0.5}},"table-mc-leg.png":{"frame":{"x":920,"y":538,"w":18,"h":150},"rotated":false,"trimmed":false,"spriteSourceSize":{"x":0,"y":0,"w":18,"h":150},"sourceSize":{"w":18,"h":150},"pivot":{"x":0.5,"y":0.5}},"NPC-1127.png":{"frame":{"x":174,"y":1076,"w":67,"h":149},"rotated":false,"trimmed":true,"spriteSourceSize":{"x":0,"y":0,"w":67,"h":149},"sourceSize":{"w":68,"h":149},"pivot":{"x":0.5,"y":0.5}},"NPC-1124.png":{"frame":{"x":1045,"y":880,"w":58,"h":147},"rotated":false,"trimmed":false,"spriteSourceSize":{"x":0,"y":0,"w":58,"h":147},"sourceSize":{"w":58,"h":147},"pivot":{"x":0.5,"y":0.5}},"paddle-display.png":{"frame":{"x":731,"y":639,"w":143,"h":48},"rotated":false,"trimmed":false,"spriteSourceSize":{"x":0,"y":0,"w":143,"h":48},"sourceSize":{"w":143,"h":48},"pivot":{"x":0.5,"y":0.5}},"toilet-ref-back.png":{"frame":{"x":966,"y":889,"w":67,"h":141},"rotated":false,"trimmed":false,"spriteSourceSize":{"x":0,"y":0,"w":67,"h":141},"sourceSize":{"w":67,"h":141},"pivot":{"x":0.5,"y":0.5}},"spike-blood-1.png":{"frame":{"x":245,"y":1046,"w":92,"h":133},"rotated":false,"trimmed":false,"spriteSourceSize":{"x":0,"y":0,"w":92,"h":133},"sourceSize":{"w":92,"h":133},"pivot":{"x":0.5,"y":0.5}},"spike-blood-3.png":{"frame":{"x":341,"y":1046,"w":93,"h":129},"rotated":false,"trimmed":false,"spriteSourceSize":{"x":0,"y":0,"w":93,"h":129},"sourceSize":{"w":93,"h":129},"pivot":{"x":0.5,"y":0.5}},"spike-blood-2.png":{"frame":{"x":438,"y":1046,"w":92,"h":122},"rotated":false,"trimmed":false,"spriteSourceSize":{"x":0,"y":0,"w":92,"h":122},"sourceSize":{"w":92,"h":122},"pivot":{"x":0.5,"y":0.5}},"NPC-1121.png":{"frame":{"x":176,"y":959,"w":116,"h":65},"rotated":false,"trimmed":false,"spriteSourceSize":{"x":0,"y":0,"w":116,"h":65},"sourceSize":{"w":116,"h":65},"pivot":{"x":0.5,"y":0.5}},"token-ak47.png":{"frame":{"x":484,"y":947,"w":114,"h":88},"rotated":false,"trimmed":false,"spriteSourceSize":{"x":0,"y":0,"w":114,"h":88},"sourceSize":{"w":114,"h":88},"pivot":{"x":0.5,"y":0.5}},"spike-blood-5.png":{"frame":{"x":534,"y":1046,"w":89,"h":113},"rotated":false,"trimmed":false,"spriteSourceSize":{"x":0,"y":0,"w":89,"h":113},"sourceSize":{"w":89,"h":113},"pivot":{"x":0.5,"y":0.5}},"toilet-back-piece-1.png":{"frame":{"x":627,"y":1046,"w":89,"h":112},"rotated":false,"trimmed":false,"spriteSourceSize":{"x":0,"y":0,"w":89,"h":112},"sourceSize":{"w":89,"h":112},"pivot":{"x":0.5,"y":0.5}},"spike-blood-4.png":{"frame":{"x":720,"y":1046,"w":98,"h":109},"rotated":false,"trimmed":false,"spriteSourceSize":{"x":0,"y":0,"w":98,"h":109},"sourceSize":{"w":98,"h":109},"pivot":{"x":0.5,"y":0.5}},"toilet-base-piece-2.png":{"frame":{"x":602,"y":947,"w":105,"h":88},"rotated":false,"trimmed":false,"spriteSourceSize":{"x":0,"y":0,"w":105,"h":88},"sourceSize":{"w":105,"h":88},"pivot":{"x":0.5,"y":0.5}},"toilet-back-piece-2.png":{"frame":{"x":1037,"y":1031,"w":79,"h":97},"rotated":false,"trimmed":false,"spriteSourceSize":{"x":0,"y":0,"w":79,"h":97},"sourceSize":{"w":79,"h":97},"pivot":{"x":0.5,"y":0.5}},"token-snake.png":{"frame":{"x":711,"y":947,"w":71,"h":92},"rotated":false,"trimmed":false,"spriteSourceSize":{"x":0,"y":0,"w":71,"h":92},"sourceSize":{"w":71,"h":92},"pivot":{"x":0.5,"y":0.5}},"token-outer-ring.png":{"frame":{"x":296,"y":959,"w":80,"h":80},"rotated":false,"trimmed":false,"spriteSourceSize":{"x":0,"y":0,"w":80,"h":80},"sourceSize":{"w":80,"h":80},"pivot":{"x":0.5,"y":0.5}},"token-side-animation-1.png":{"frame":{"x":380,"y":959,"w":39,"h":80},"rotated":false,"trimmed":false,"spriteSourceSize":{"x":0,"y":0,"w":39,"h":80},"sourceSize":{"w":39,"h":80},"pivot":{"x":0.5,"y":0.5}},"token-side-animation-10.png":{"frame":{"x":423,"y":959,"w":28,"h":80},"rotated":false,"trimmed":false,"spriteSourceSize":{"x":0,"y":0,"w":28,"h":80},"sourceSize":{"w":28,"h":80},"pivot":{"x":0.5,"y":0.5}},"token-side-animation-11.png":{"frame":{"x":786,"y":947,"w":33,"h":80},"rotated":false,"trimmed":false,"spriteSourceSize":{"x":0,"y":0,"w":33,"h":80},"sourceSize":{"w":33,"h":80},"pivot":{"x":0.5,"y":0.5}},"token-side-animation-12.png":{"frame":{"x":822,"y":1132,"w":38,"h":80},"rotated":false,"trimmed":false,"spriteSourceSize":{"x":0,"y":0,"w":38,"h":80},"sourceSize":{"w":38,"h":80},"pivot":{"x":0.5,"y":0.5}},"token-side-animation-13.png":{"frame":{"x":822,"y":1034,"w":41,"h":80},"rotated":false,"trimmed":false,"spriteSourceSize":{"x":0,"y":0,"w":41,"h":80},"sourceSize":{"w":41,"h":80},"pivot":{"x":0.5,"y":0.5}},"token-side-animation-14.png":{"frame":{"x":823,"y":947,"w":39,"h":80},"rotated":false,"trimmed":true,"spriteSourceSize":{"x":0,"y":0,"w":39,"h":80},"sourceSize":{"w":79,"h":80},"pivot":{"x":0.5,"y":0.5}},"token-side-animation-15.png":{"frame":{"x":866,"y":947,"w":39,"h":80},"rotated":false,"trimmed":false,"spriteSourceSize":{"x":0,"y":0,"w":39,"h":80},"sourceSize":{"w":39,"h":80},"pivot":{"x":0.5,"y":0.5}},"token-side-animation-2.png":{"frame":{"x":909,"y":947,"w":39,"h":80},"rotated":false,"trimmed":true,"spriteSourceSize":{"x":40,"y":0,"w":39,"h":80},"sourceSize":{"w":79,"h":80},"pivot":{"x":0.5,"y":0.5}},"token-side-animation-3.png":{"frame":{"x":864,"y":1132,"w":41,"h":80},"rotated":false,"trimmed":false,"spriteSourceSize":{"x":0,"y":0,"w":41,"h":80},"sourceSize":{"w":41,"h":80},"pivot":{"x":0.5,"y":0.5}},"token-side-animation-4.png":{"frame":{"x":867,"y":1034,"w":38,"h":80},"rotated":false,"trimmed":false,"spriteSourceSize":{"x":0,"y":0,"w":38,"h":80},"sourceSize":{"w":38,"h":80},"pivot":{"x":0.5,"y":0.5}},"token-side-animation-5.png":{"frame":{"x":909,"y":1132,"w":33,"h":80},"rotated":false,"trimmed":false,"spriteSourceSize":{"x":0,"y":0,"w":33,"h":80},"sourceSize":{"w":33,"h":80},"pivot":{"x":0.5,"y":0.5}},"token-side-animation-6.png":{"frame":{"x":909,"y":1034,"w":28,"h":80},"rotated":false,"trimmed":false,"spriteSourceSize":{"x":0,"y":0,"w":28,"h":80},"sourceSize":{"w":28,"h":80},"pivot":{"x":0.5,"y":0.5}},"token-side-animation-7.png":{"frame":{"x":455,"y":959,"w":22,"h":80},"rotated":false,"trimmed":false,"spriteSourceSize":{"x":0,"y":0,"w":22,"h":80},"sourceSize":{"w":22,"h":80},"pivot":{"x":0.5,"y":0.5}},"token-side-animation-8.png":{"frame":{"x":1107,"y":880,"w":14,"h":80},"rotated":false,"trimmed":false,"spriteSourceSize":{"x":0,"y":0,"w":14,"h":80},"sourceSize":{"w":14,"h":80},"pivot":{"x":0.5,"y":0.5}},"token-side-animation-9.png":{"frame":{"x":941,"y":1034,"w":22,"h":80},"rotated":false,"trimmed":false,"spriteSourceSize":{"x":0,"y":0,"w":22,"h":80},"sourceSize":{"w":22,"h":80},"pivot":{"x":0.5,"y":0.5}},"token-background.png":{"frame":{"x":648,"y":426,"w":70,"h":70},"rotated":false,"trimmed":false,"spriteSourceSize":{"x":0,"y":0,"w":70,"h":70},"sourceSize":{"w":70,"h":70},"pivot":{"x":0.5,"y":0.5}},"token-inner-ring.png":{"frame":{"x":720,"y":1159,"w":70,"h":70},"rotated":false,"trimmed":false,"spriteSourceSize":{"x":0,"y":0,"w":70,"h":70},"sourceSize":{"w":70,"h":70},"pivot":{"x":0.5,"y":0.5}},"token-pentagon.png":{"frame":{"x":534,"y":1163,"w":70,"h":68},"rotated":false,"trimmed":false,"spriteSourceSize":{"x":0,"y":0,"w":70,"h":68},"sourceSize":{"w":70,"h":68},"pivot":{"x":0.5,"y":0.5}},"token-regular-background.png":{"frame":{"x":946,"y":1118,"w":70,"h":70},"rotated":false,"trimmed":false,"spriteSourceSize":{"x":0,"y":0,"w":70,"h":70},"sourceSize":{"w":70,"h":70},"pivot":{"x":0.5,"y":0.5}},"token-peace.png":{"frame":{"x":627,"y":1162,"w":55,"h":69},"rotated":false,"trimmed":false,"spriteSourceSize":{"x":0,"y":0,"w":55,"h":69},"sourceSize":{"w":55,"h":69},"pivot":{"x":0.5,"y":0.5}},"NPC-1129.png":{"frame":{"x":967,"y":1034,"w":47,"h":66},"rotated":false,"trimmed":false,"spriteSourceSize":{"x":0,"y":0,"w":47,"h":66},"sourceSize":{"w":47,"h":66},"pivot":{"x":0.5,"y":0.5}},"token-axe.png":{"frame":{"x":1120,"y":1046,"w":54,"h":65},"rotated":false,"trimmed":false,"spriteSourceSize":{"x":0,"y":0,"w":54,"h":65},"sourceSize":{"w":54,"h":65},"pivot":{"x":0.5,"y":0.5}},"token-pizza.png":{"frame":{"x":438,"y":1172,"w":65,"h":59},"rotated":false,"trimmed":false,"spriteSourceSize":{"x":0,"y":0,"w":65,"h":59},"sourceSize":{"w":65,"h":59},"pivot":{"x":0.5,"y":0.5}},"token-bowling.png":{"frame":{"x":1120,"y":1115,"w":64,"h":56},"rotated":false,"trimmed":false,"spriteSourceSize":{"x":0,"y":0,"w":64,"h":56},"sourceSize":{"w":64,"h":56},"pivot":{"x":0.5,"y":0.5}},"soccer-ball.png":{"frame":{"x":1020,"y":1132,"w":60,"h":60},"rotated":false,"trimmed":false,"spriteSourceSize":{"x":0,"y":0,"w":60,"h":60},"sourceSize":{"w":60,"h":60},"pivot":{"x":0.5,"y":0.5}},"token-skull.png":{"frame":{"x":1188,"y":2,"w":47,"h":57},"rotated":false,"trimmed":false,"spriteSourceSize":{"x":0,"y":0,"w":47,"h":57},"sourceSize":{"w":47,"h":57},"pivot":{"x":0.5,"y":0.5}},"springbox-mc-arrow-2.png":{"frame":{"x":1187,"y":434,"w":48,"h":54},"rotated":false,"trimmed":false,"spriteSourceSize":{"x":0,"y":0,"w":48,"h":54},"sourceSize":{"w":48,"h":54},"pivot":{"x":0.5,"y":0.5}},"paddle-nub-inner.png":{"frame":{"x":360,"y":523,"w":44,"h":49},"rotated":false,"trimmed":false,"spriteSourceSize":{"x":0,"y":0,"w":44,"h":49},"sourceSize":{"w":44,"h":49},"pivot":{"x":0.5,"y":0.5}},"springbox-mc-arrow.png":{"frame":{"x":245,"y":1183,"w":33,"h":47},"rotated":false,"trimmed":false,"spriteSourceSize":{"x":0,"y":0,"w":33,"h":47},"sourceSize":{"w":33,"h":47},"pivot":{"x":0.5,"y":0.5}},"NPC-1128.png":{"frame":{"x":282,"y":1183,"w":41,"h":45},"rotated":false,"trimmed":false,"spriteSourceSize":{"x":0,"y":0,"w":41,"h":45},"sourceSize":{"w":41,"h":45},"pivot":{"x":0.5,"y":0.5}},"token-stars-left.png":{"frame":{"x":942,"y":538,"w":20,"h":32},"rotated":false,"trimmed":false,"spriteSourceSize":{"x":0,"y":0,"w":20,"h":32},"sourceSize":{"w":20,"h":32},"pivot":{"x":0.5,"y":0.5}},"token-stars-right.png":{"frame":{"x":942,"y":574,"w":20,"h":32},"rotated":false,"trimmed":false,"spriteSourceSize":{"x":0,"y":0,"w":20,"h":32},"sourceSize":{"w":20,"h":32},"pivot":{"x":0.5,"y":0.5}},"paddle-arrow.png":{"frame":{"x":670,"y":146,"w":31,"h":28},"rotated":false,"trimmed":false,"spriteSourceSize":{"x":0,"y":0,"w":31,"h":28},"sourceSize":{"w":31,"h":28},"pivot":{"x":0.5,"y":0.5}},"springbox-arrow-2.png":{"frame":{"x":507,"y":1172,"w":22,"h":31},"rotated":false,"trimmed":false,"spriteSourceSize":{"x":0,"y":0,"w":22,"h":31},"sourceSize":{"w":22,"h":31},"pivot":{"x":0.5,"y":0.5}},"springbox-arrow-3.png":{"frame":{"x":670,"y":178,"w":22,"h":31},"rotated":false,"trimmed":false,"spriteSourceSize":{"x":0,"y":0,"w":22,"h":31},"sourceSize":{"w":22,"h":31},"pivot":{"x":0.5,"y":0.5}},"token-icon-mc.png":{"frame":{"x":794,"y":1159,"w":22,"h":26},"rotated":false,"trimmed":false,"spriteSourceSize":{"x":0,"y":0,"w":22,"h":26},"sourceSize":{"w":22,"h":26},"pivot":{"x":0.5,"y":0.5}},"paddle-nub.png":{"frame":{"x":794,"y":1189,"w":21,"h":25},"rotated":false,"trimmed":false,"spriteSourceSize":{"x":0,"y":0,"w":21,"h":25},"sourceSize":{"w":21,"h":25},"pivot":{"x":0.5,"y":0.5}},"paddle-glowing-arrow.png":{"frame":{"x":507,"y":1207,"w":22,"h":23},"rotated":false,"trimmed":false,"spriteSourceSize":{"x":0,"y":0,"w":22,"h":23},"sourceSize":{"w":22,"h":23},"pivot":{"x":0.5,"y":0.5}},"spark-1497.png":{"frame":{"x":942,"y":610,"w":20,"h":19},"rotated":false,"trimmed":true,"spriteSourceSize":{"x":0,"y":2,"w":20,"h":19},"sourceSize":{"w":20,"h":22},"pivot":{"x":0.5,"y":0.5}},"spark-1498.png":{"frame":{"x":942,"y":633,"w":20,"h":19},"rotated":false,"trimmed":true,"spriteSourceSize":{"x":0,"y":2,"w":20,"h":19},"sourceSize":{"w":20,"h":22},"pivot":{"x":0.5,"y":0.5}},"spark-1499.png":{"frame":{"x":942,"y":656,"w":20,"h":19},"rotated":false,"trimmed":true,"spriteSourceSize":{"x":0,"y":2,"w":20,"h":19},"sourceSize":{"w":20,"h":22},"pivot":{"x":0.5,"y":0.5}},"toilet-shard-2.png":{"frame":{"x":12,"y":577,"w":17,"h":19},"rotated":false,"trimmed":false,"spriteSourceSize":{"x":0,"y":0,"w":17,"h":19},"sourceSize":{"w":17,"h":19},"pivot":{"x":0.5,"y":0.5}},"toilet-shard-1.png":{"frame":{"x":878,"y":630,"w":16,"h":14},"rotated":false,"trimmed":false,"spriteSourceSize":{"x":0,"y":0,"w":16,"h":14},"sourceSize":{"w":16,"h":14},"pivot":{"x":0.5,"y":0.5}},"toilet-shard-4.png":{"frame":{"x":608,"y":1163,"w":14,"h":16},"rotated":false,"trimmed":false,"spriteSourceSize":{"x":0,"y":0,"w":14,"h":16},"sourceSize":{"w":14,"h":16},"pivot":{"x":0.5,"y":0.5}},"toilet-shard-3.png":{"frame":{"x":819,"y":1216,"w":14,"h":15},"rotated":false,"trimmed":false,"spriteSourceSize":{"x":0,"y":0,"w":14,"h":15},"sourceSize":{"w":14,"h":15},"pivot":{"x":0.5,"y":0.5}},"toilet-shard-5.png":{"frame":{"x":176,"y":1028,"w":14,"h":14},"rotated":false,"trimmed":false,"spriteSourceSize":{"x":0,"y":0,"w":14,"h":14},"sourceSize":{"w":14,"h":14},"pivot":{"x":0.5,"y":0.5}},"spark-1500.png":{"frame":{"x":794,"y":1218,"w":12,"h":13},"rotated":false,"trimmed":false,"spriteSourceSize":{"x":0,"y":0,"w":12,"h":13},"sourceSize":{"w":12,"h":13},"pivot":{"x":0.5,"y":0.5}}},"meta":{"app":"http://github.com/odrick/free-tex-packer-core","version":"0.1.9","image":"l.png","format":"RGBA8888","size":{"w":2048,"h":2048},"scale":1}}