{"frames":{"NPC-765.png":{"frame":{"x":2,"y":2,"w":236,"h":308},"rotated":false,"trimmed":false,"spriteSourceSize":{"x":0,"y":0,"w":236,"h":308},"sourceSize":{"w":236,"h":308},"pivot":{"x":0.5,"y":0.5}},"NPC-698.png":{"frame":{"x":242,"y":2,"w":140,"h":277},"rotated":false,"trimmed":false,"spriteSourceSize":{"x":0,"y":0,"w":140,"h":277},"sourceSize":{"w":140,"h":277},"pivot":{"x":0.5,"y":0.5}},"NPC-669.png":{"frame":{"x":2,"y":314,"w":181,"h":271},"rotated":false,"trimmed":false,"spriteSourceSize":{"x":0,"y":0,"w":181,"h":271},"sourceSize":{"w":181,"h":271},"pivot":{"x":0.5,"y":0.5}},"NPC-667.png":{"frame":{"x":187,"y":314,"w":181,"h":268},"rotated":false,"trimmed":false,"spriteSourceSize":{"x":0,"y":0,"w":181,"h":268},"sourceSize":{"w":181,"h":268},"pivot":{"x":0.5,"y":0.5}},"NPC-751.png":{"frame":{"x":386,"y":2,"w":180,"h":268},"rotated":false,"trimmed":false,"spriteSourceSize":{"x":0,"y":0,"w":180,"h":268},"sourceSize":{"w":180,"h":268},"pivot":{"x":0.5,"y":0.5}},"NPC-753.png":{"frame":{"x":386,"y":274,"w":180,"h":267},"rotated":false,"trimmed":false,"spriteSourceSize":{"x":0,"y":0,"w":180,"h":267},"sourceSize":{"w":180,"h":267},"pivot":{"x":0.5,"y":0.5}},"NPC-699.png":{"frame":{"x":570,"y":2,"w":136,"h":266},"rotated":false,"trimmed":false,"spriteSourceSize":{"x":0,"y":0,"w":136,"h":266},"sourceSize":{"w":136,"h":266},"pivot":{"x":0.5,"y":0.5}},"NPC-726.png":{"frame":{"x":570,"y":272,"w":116,"h":265},"rotated":false,"trimmed":false,"spriteSourceSize":{"x":0,"y":0,"w":116,"h":265},"sourceSize":{"w":116,"h":265},"pivot":{"x":0.5,"y":0.5}},"NPC-668.png":{"frame":{"x":2,"y":589,"w":179,"h":264},"rotated":false,"trimmed":false,"spriteSourceSize":{"x":0,"y":0,"w":179,"h":264},"sourceSize":{"w":179,"h":264},"pivot":{"x":0.5,"y":0.5}},"NPC-702.png":{"frame":{"x":185,"y":589,"w":120,"h":263},"rotated":false,"trimmed":false,"spriteSourceSize":{"x":0,"y":0,"w":120,"h":263},"sourceSize":{"w":120,"h":263},"pivot":{"x":0.5,"y":0.5}},"NPC-725.png":{"frame":{"x":309,"y":586,"w":120,"h":263},"rotated":false,"trimmed":false,"spriteSourceSize":{"x":0,"y":0,"w":120,"h":263},"sourceSize":{"w":120,"h":263},"pivot":{"x":0.5,"y":0.5}},"NPC-764.png":{"frame":{"x":433,"y":545,"w":237,"h":263},"rotated":false,"trimmed":false,"spriteSourceSize":{"x":0,"y":0,"w":237,"h":263},"sourceSize":{"w":237,"h":263},"pivot":{"x":0.5,"y":0.5}},"NPC-666.png":{"frame":{"x":710,"y":2,"w":179,"h":261},"rotated":false,"trimmed":false,"spriteSourceSize":{"x":0,"y":0,"w":179,"h":261},"sourceSize":{"w":179,"h":261},"pivot":{"x":0.5,"y":0.5}},"NPC-750.png":{"frame":{"x":710,"y":267,"w":166,"h":261},"rotated":false,"trimmed":false,"spriteSourceSize":{"x":0,"y":0,"w":166,"h":261},"sourceSize":{"w":166,"h":261},"pivot":{"x":0.5,"y":0.5}},"NPC-704.png":{"frame":{"x":674,"y":541,"w":120,"h":260},"rotated":false,"trimmed":false,"spriteSourceSize":{"x":0,"y":0,"w":120,"h":260},"sourceSize":{"w":120,"h":260},"pivot":{"x":0.5,"y":0.5}},"NPC-752.png":{"frame":{"x":2,"y":857,"w":166,"h":259},"rotated":false,"trimmed":false,"spriteSourceSize":{"x":0,"y":0,"w":166,"h":259},"sourceSize":{"w":166,"h":259},"pivot":{"x":0.5,"y":0.5}},"NPC-728.png":{"frame":{"x":172,"y":857,"w":116,"h":258},"rotated":false,"trimmed":false,"spriteSourceSize":{"x":0,"y":0,"w":116,"h":258},"sourceSize":{"w":116,"h":258},"pivot":{"x":0.5,"y":0.5}},"NPC-727.png":{"frame":{"x":292,"y":856,"w":120,"h":256},"rotated":false,"trimmed":false,"spriteSourceSize":{"x":0,"y":0,"w":120,"h":256},"sourceSize":{"w":120,"h":256},"pivot":{"x":0.5,"y":0.5}},"NPC-703.png":{"frame":{"x":416,"y":853,"w":117,"h":255},"rotated":false,"trimmed":false,"spriteSourceSize":{"x":0,"y":0,"w":117,"h":255},"sourceSize":{"w":117,"h":255},"pivot":{"x":0.5,"y":0.5}},"NPC-705.png":{"frame":{"x":537,"y":812,"w":117,"h":252},"rotated":false,"trimmed":false,"spriteSourceSize":{"x":0,"y":0,"w":117,"h":252},"sourceSize":{"w":117,"h":252},"pivot":{"x":0.5,"y":0.5}},"NPC-771.png":{"frame":{"x":893,"y":2,"w":239,"h":173},"rotated":false,"trimmed":false,"spriteSourceSize":{"x":0,"y":0,"w":239,"h":173},"sourceSize":{"w":239,"h":173},"pivot":{"x":0.5,"y":0.5}},"NPC-670.png":{"frame":{"x":658,"y":812,"w":137,"h":218},"rotated":false,"trimmed":false,"spriteSourceSize":{"x":0,"y":0,"w":137,"h":218},"sourceSize":{"w":137,"h":218},"pivot":{"x":0.5,"y":0.5}},"NPC-671.png":{"frame":{"x":798,"y":532,"w":137,"h":215},"rotated":false,"trimmed":false,"spriteSourceSize":{"x":0,"y":0,"w":137,"h":215},"sourceSize":{"w":137,"h":215},"pivot":{"x":0.5,"y":0.5}},"NPC-706.png":{"frame":{"x":880,"y":267,"w":70,"h":206},"rotated":false,"trimmed":false,"spriteSourceSize":{"x":0,"y":0,"w":70,"h":206},"sourceSize":{"w":70,"h":206},"pivot":{"x":0.5,"y":0.5}},"NPC-770.png":{"frame":{"x":799,"y":751,"w":204,"h":88},"rotated":false,"trimmed":false,"spriteSourceSize":{"x":0,"y":0,"w":204,"h":88},"sourceSize":{"w":204,"h":88},"pivot":{"x":0.5,"y":0.5}},"NPC-767.png":{"frame":{"x":799,"y":843,"w":204,"h":142},"rotated":false,"trimmed":false,"spriteSourceSize":{"x":0,"y":0,"w":204,"h":142},"sourceSize":{"w":204,"h":142},"pivot":{"x":0.5,"y":0.5}},"NPC-707.png":{"frame":{"x":1007,"y":179,"w":83,"h":202},"rotated":false,"trimmed":false,"spriteSourceSize":{"x":0,"y":0,"w":83,"h":202},"sourceSize":{"w":83,"h":202},"pivot":{"x":0.5,"y":0.5}},"NPC-672.png":{"frame":{"x":1007,"y":385,"w":118,"h":199},"rotated":false,"trimmed":false,"spriteSourceSize":{"x":0,"y":0,"w":118,"h":199},"sourceSize":{"w":118,"h":199},"pivot":{"x":0.5,"y":0.5}},"NPC-677.png":{"frame":{"x":1007,"y":588,"w":100,"h":197},"rotated":false,"trimmed":false,"spriteSourceSize":{"x":0,"y":0,"w":100,"h":197},"sourceSize":{"w":100,"h":197},"pivot":{"x":0.5,"y":0.5}},"NPC-757.png":{"frame":{"x":1007,"y":789,"w":117,"h":197},"rotated":false,"trimmed":false,"spriteSourceSize":{"x":0,"y":0,"w":117,"h":197},"sourceSize":{"w":117,"h":197},"pivot":{"x":0.5,"y":0.5}},"NPC-675.png":{"frame":{"x":2,"y":1120,"w":100,"h":196},"rotated":false,"trimmed":false,"spriteSourceSize":{"x":0,"y":0,"w":100,"h":196},"sourceSize":{"w":100,"h":196},"pivot":{"x":0.5,"y":0.5}},"NPC-673.png":{"frame":{"x":106,"y":1120,"w":108,"h":195},"rotated":false,"trimmed":false,"spriteSourceSize":{"x":0,"y":0,"w":108,"h":195},"sourceSize":{"w":108,"h":195},"pivot":{"x":0.5,"y":0.5}},"NPC-756.png":{"frame":{"x":218,"y":1119,"w":121,"h":195},"rotated":false,"trimmed":false,"spriteSourceSize":{"x":0,"y":0,"w":121,"h":195},"sourceSize":{"w":121,"h":195},"pivot":{"x":0.5,"y":0.5}},"NPC-743.png":{"frame":{"x":343,"y":1116,"w":95,"h":193},"rotated":false,"trimmed":false,"spriteSourceSize":{"x":0,"y":0,"w":95,"h":193},"sourceSize":{"w":95,"h":193},"pivot":{"x":0.5,"y":0.5}},"NPC-745.png":{"frame":{"x":442,"y":1112,"w":95,"h":190},"rotated":false,"trimmed":false,"spriteSourceSize":{"x":0,"y":0,"w":95,"h":190},"sourceSize":{"w":95,"h":190},"pivot":{"x":0.5,"y":0.5}},"NPC-676.png":{"frame":{"x":541,"y":1068,"w":84,"h":189},"rotated":false,"trimmed":false,"spriteSourceSize":{"x":0,"y":0,"w":84,"h":189},"sourceSize":{"w":84,"h":189},"pivot":{"x":0.5,"y":0.5}},"NPC-674.png":{"frame":{"x":629,"y":1068,"w":84,"h":188},"rotated":false,"trimmed":false,"spriteSourceSize":{"x":0,"y":0,"w":84,"h":188},"sourceSize":{"w":84,"h":188},"pivot":{"x":0.5,"y":0.5}},"NPC-732.png":{"frame":{"x":717,"y":1034,"w":65,"h":188},"rotated":false,"trimmed":false,"spriteSourceSize":{"x":0,"y":0,"w":65,"h":188},"sourceSize":{"w":65,"h":188},"pivot":{"x":0.5,"y":0.5}},"NPC-742.png":{"frame":{"x":786,"y":1034,"w":95,"h":188},"rotated":false,"trimmed":false,"spriteSourceSize":{"x":0,"y":0,"w":95,"h":188},"sourceSize":{"w":95,"h":188},"pivot":{"x":0.5,"y":0.5}},"NPC-744.png":{"frame":{"x":885,"y":989,"w":95,"h":186},"rotated":false,"trimmed":false,"spriteSourceSize":{"x":0,"y":0,"w":95,"h":186},"sourceSize":{"w":95,"h":186},"pivot":{"x":0.5,"y":0.5}},"NPC-769.png":{"frame":{"x":984,"y":990,"w":136,"h":186},"rotated":false,"trimmed":false,"spriteSourceSize":{"x":0,"y":0,"w":136,"h":186},"sourceSize":{"w":136,"h":186},"pivot":{"x":0.5,"y":0.5}},"NPC-760.png":{"frame":{"x":1136,"y":2,"w":130,"h":185},"rotated":false,"trimmed":false,"spriteSourceSize":{"x":0,"y":0,"w":130,"h":185},"sourceSize":{"w":130,"h":185},"pivot":{"x":0.5,"y":0.5}},"NPC-733.png":{"frame":{"x":1094,"y":191,"w":74,"h":183},"rotated":false,"trimmed":false,"spriteSourceSize":{"x":0,"y":0,"w":74,"h":183},"sourceSize":{"w":74,"h":183},"pivot":{"x":0.5,"y":0.5}},"NPC-683.png":{"frame":{"x":939,"y":477,"w":61,"h":181},"rotated":false,"trimmed":false,"spriteSourceSize":{"x":0,"y":0,"w":61,"h":181},"sourceSize":{"w":61,"h":181},"pivot":{"x":0.5,"y":0.5}},"NPC-708.png":{"frame":{"x":1111,"y":588,"w":70,"h":180},"rotated":false,"trimmed":false,"spriteSourceSize":{"x":0,"y":0,"w":70,"h":180},"sourceSize":{"w":70,"h":180},"pivot":{"x":0.5,"y":0.5}},"NPC-755.png":{"frame":{"x":1129,"y":378,"w":118,"h":174},"rotated":false,"trimmed":false,"spriteSourceSize":{"x":0,"y":0,"w":118,"h":174},"sourceSize":{"w":118,"h":174},"pivot":{"x":0.5,"y":0.5}},"NPC-754.png":{"frame":{"x":1128,"y":772,"w":123,"h":172},"rotated":false,"trimmed":false,"spriteSourceSize":{"x":0,"y":0,"w":123,"h":172},"sourceSize":{"w":123,"h":172},"pivot":{"x":0.5,"y":0.5}},"NPC-678.png":{"frame":{"x":1185,"y":556,"w":68,"h":168},"rotated":false,"trimmed":false,"spriteSourceSize":{"x":0,"y":0,"w":68,"h":168},"sourceSize":{"w":68,"h":168},"pivot":{"x":0.5,"y":0.5}},"NPC-759.png":{"frame":{"x":1128,"y":948,"w":136,"h":166},"rotated":false,"trimmed":false,"spriteSourceSize":{"x":0,"y":0,"w":136,"h":166},"sourceSize":{"w":136,"h":166},"pivot":{"x":0.5,"y":0.5}},"NPC-682.png":{"frame":{"x":1172,"y":191,"w":61,"h":165},"rotated":false,"trimmed":false,"spriteSourceSize":{"x":0,"y":0,"w":61,"h":165},"sourceSize":{"w":61,"h":165},"pivot":{"x":0.5,"y":0.5}},"NPC-709.png":{"frame":{"x":1124,"y":1118,"w":83,"h":163},"rotated":false,"trimmed":false,"spriteSourceSize":{"x":0,"y":0,"w":83,"h":163},"sourceSize":{"w":83,"h":163},"pivot":{"x":0.5,"y":0.5}},"NPC-679.png":{"frame":{"x":1270,"y":2,"w":78,"h":162},"rotated":false,"trimmed":false,"spriteSourceSize":{"x":0,"y":0,"w":78,"h":162},"sourceSize":{"w":78,"h":162},"pivot":{"x":0.5,"y":0.5}},"NPC-734.png":{"frame":{"x":1270,"y":168,"w":64,"h":162},"rotated":false,"trimmed":false,"spriteSourceSize":{"x":0,"y":0,"w":64,"h":162},"sourceSize":{"w":64,"h":162},"pivot":{"x":0.5,"y":0.5}},"NPC-735.png":{"frame":{"x":1268,"y":334,"w":64,"h":162},"rotated":false,"trimmed":false,"spriteSourceSize":{"x":0,"y":0,"w":64,"h":162},"sourceSize":{"w":64,"h":162},"pivot":{"x":0.5,"y":0.5}},"NPC-685.png":{"frame":{"x":1268,"y":500,"w":61,"h":161},"rotated":false,"trimmed":false,"spriteSourceSize":{"x":0,"y":0,"w":61,"h":161},"sourceSize":{"w":61,"h":161},"pivot":{"x":0.5,"y":0.5}},"NPC-762.png":{"frame":{"x":2,"y":1320,"w":141,"h":161},"rotated":false,"trimmed":false,"spriteSourceSize":{"x":0,"y":0,"w":141,"h":161},"sourceSize":{"w":141,"h":161},"pivot":{"x":0.5,"y":0.5}},"NPC-730.png":{"frame":{"x":147,"y":1319,"w":65,"h":158},"rotated":false,"trimmed":false,"spriteSourceSize":{"x":0,"y":0,"w":65,"h":158},"sourceSize":{"w":65,"h":158},"pivot":{"x":0.5,"y":0.5}},"NPC-768.png":{"frame":{"x":216,"y":1319,"w":127,"h":156},"rotated":false,"trimmed":false,"spriteSourceSize":{"x":0,"y":0,"w":127,"h":156},"sourceSize":{"w":127,"h":156},"pivot":{"x":0.5,"y":0.5}},"NPC-748.png":{"frame":{"x":1268,"y":665,"w":74,"h":155},"rotated":false,"trimmed":false,"spriteSourceSize":{"x":0,"y":0,"w":74,"h":155},"sourceSize":{"w":74,"h":155},"pivot":{"x":0.5,"y":0.5}},"NPC-731.png":{"frame":{"x":1268,"y":824,"w":74,"h":154},"rotated":false,"trimmed":false,"spriteSourceSize":{"x":0,"y":0,"w":74,"h":154},"sourceSize":{"w":74,"h":154},"pivot":{"x":0.5,"y":0.5}},"NPC-763.png":{"frame":{"x":347,"y":1313,"w":140,"h":152},"rotated":false,"trimmed":false,"spriteSourceSize":{"x":0,"y":0,"w":140,"h":152},"sourceSize":{"w":140,"h":152},"pivot":{"x":0.5,"y":0.5}},"NPC-749.png":{"frame":{"x":1268,"y":982,"w":74,"h":151},"rotated":false,"trimmed":false,"spriteSourceSize":{"x":0,"y":0,"w":74,"h":151},"sourceSize":{"w":74,"h":151},"pivot":{"x":0.5,"y":0.5}},"NPC-692.png":{"frame":{"x":491,"y":1306,"w":106,"h":151},"rotated":false,"trimmed":false,"spriteSourceSize":{"x":0,"y":0,"w":106,"h":151},"sourceSize":{"w":106,"h":151},"pivot":{"x":0.5,"y":0.5}},"NPC-736.png":{"frame":{"x":885,"y":1179,"w":64,"h":149},"rotated":false,"trimmed":false,"spriteSourceSize":{"x":0,"y":0,"w":64,"h":149},"sourceSize":{"w":64,"h":149},"pivot":{"x":0.5,"y":0.5}},"NPC-761.png":{"frame":{"x":601,"y":1332,"w":141,"h":147},"rotated":false,"trimmed":false,"spriteSourceSize":{"x":0,"y":0,"w":141,"h":147},"sourceSize":{"w":141,"h":147},"pivot":{"x":0.5,"y":0.5}},"NPC-684.png":{"frame":{"x":746,"y":1332,"w":61,"h":145},"rotated":false,"trimmed":false,"spriteSourceSize":{"x":0,"y":0,"w":61,"h":145},"sourceSize":{"w":61,"h":145},"pivot":{"x":0.5,"y":0.5}},"NPC-689.png":{"frame":{"x":811,"y":1332,"w":42,"h":145},"rotated":false,"trimmed":false,"spriteSourceSize":{"x":0,"y":0,"w":42,"h":145},"sourceSize":{"w":42,"h":145},"pivot":{"x":0.5,"y":0.5}},"NPC-737.png":{"frame":{"x":857,"y":1332,"w":64,"h":145},"rotated":false,"trimmed":false,"spriteSourceSize":{"x":0,"y":0,"w":64,"h":145},"sourceSize":{"w":64,"h":145},"pivot":{"x":0.5,"y":0.5}},"NPC-740.png":{"frame":{"x":954,"y":179,"w":47,"h":145},"rotated":false,"trimmed":true,"spriteSourceSize":{"x":0,"y":0,"w":47,"h":145},"sourceSize":{"w":82,"h":145},"pivot":{"x":0.5,"y":0.5}},"NPC-690.png":{"frame":{"x":954,"y":328,"w":42,"h":141},"rotated":false,"trimmed":false,"spriteSourceSize":{"x":0,"y":0,"w":42,"h":141},"sourceSize":{"w":42,"h":141},"pivot":{"x":0.5,"y":0.5}},"NPC-741.png":{"frame":{"x":1211,"y":1118,"w":52,"h":137},"rotated":false,"trimmed":false,"spriteSourceSize":{"x":0,"y":0,"w":52,"h":137},"sourceSize":{"w":52,"h":137},"pivot":{"x":0.5,"y":0.5}},"NPC-758.png":{"frame":{"x":601,"y":1261,"w":135,"h":67},"rotated":false,"trimmed":false,"spriteSourceSize":{"x":0,"y":0,"w":135,"h":67},"sourceSize":{"w":135,"h":67},"pivot":{"x":0.5,"y":0.5}},"NPC-693.png":{"frame":{"x":1267,"y":1137,"w":81,"h":133},"rotated":false,"trimmed":false,"spriteSourceSize":{"x":0,"y":0,"w":81,"h":133},"sourceSize":{"w":81,"h":133},"pivot":{"x":0.5,"y":0.5}},"NPC-696.png":{"frame":{"x":1211,"y":1274,"w":132,"h":95},"rotated":false,"trimmed":false,"spriteSourceSize":{"x":0,"y":0,"w":132,"h":95},"sourceSize":{"w":132,"h":95},"pivot":{"x":0.5,"y":0.5}},"NPC-715.png":{"frame":{"x":740,"y":1226,"w":129,"h":100},"rotated":false,"trimmed":false,"spriteSourceSize":{"x":0,"y":0,"w":129,"h":100},"sourceSize":{"w":129,"h":100},"pivot":{"x":0.5,"y":0.5}},"NPC-716.png":{"frame":{"x":925,"y":1373,"w":129,"h":100},"rotated":false,"trimmed":false,"spriteSourceSize":{"x":0,"y":0,"w":129,"h":100},"sourceSize":{"w":129,"h":100},"pivot":{"x":0.5,"y":0.5}},"NPC-711.png":{"frame":{"x":1058,"y":1373,"w":126,"h":97},"rotated":false,"trimmed":false,"spriteSourceSize":{"x":0,"y":0,"w":126,"h":97},"sourceSize":{"w":126,"h":97},"pivot":{"x":0.5,"y":0.5}},"NPC-710.png":{"frame":{"x":953,"y":1285,"w":124,"h":84},"rotated":false,"trimmed":false,"spriteSourceSize":{"x":0,"y":0,"w":124,"h":84},"sourceSize":{"w":124,"h":84},"pivot":{"x":0.5,"y":0.5}},"NPC-729.png":{"frame":{"x":953,"y":1180,"w":123,"h":86},"rotated":false,"trimmed":false,"spriteSourceSize":{"x":0,"y":0,"w":123,"h":86},"sourceSize":{"w":123,"h":86},"pivot":{"x":0.5,"y":0.5}},"NPC-714.png":{"frame":{"x":1352,"y":2,"w":84,"h":121},"rotated":false,"trimmed":false,"spriteSourceSize":{"x":0,"y":0,"w":84,"h":121},"sourceSize":{"w":84,"h":121},"pivot":{"x":0.5,"y":0.5}},"NPC-766.png":{"frame":{"x":1081,"y":1285,"w":121,"h":69},"rotated":false,"trimmed":false,"spriteSourceSize":{"x":0,"y":0,"w":121,"h":69},"sourceSize":{"w":121,"h":69},"pivot":{"x":0.5,"y":0.5}},"NPC-722.png":{"frame":{"x":1338,"y":168,"w":95,"h":104},"rotated":false,"trimmed":false,"spriteSourceSize":{"x":0,"y":0,"w":95,"h":104},"sourceSize":{"w":95,"h":104},"pivot":{"x":0.5,"y":0.5}},"NPC-694.png":{"frame":{"x":1347,"y":1274,"w":86,"h":99},"rotated":false,"trimmed":false,"spriteSourceSize":{"x":0,"y":0,"w":86,"h":99},"sourceSize":{"w":86,"h":99},"pivot":{"x":0.5,"y":0.5}},"NPC-695.png":{"frame":{"x":1338,"y":276,"w":92,"h":98},"rotated":false,"trimmed":false,"spriteSourceSize":{"x":0,"y":0,"w":92,"h":98},"sourceSize":{"w":92,"h":98},"pivot":{"x":0.5,"y":0.5}},"NPC-723.png":{"frame":{"x":1352,"y":378,"w":80,"h":91},"rotated":false,"trimmed":false,"spriteSourceSize":{"x":0,"y":0,"w":80,"h":91},"sourceSize":{"w":80,"h":91},"pivot":{"x":0.5,"y":0.5}},"NPC-700.png":{"frame":{"x":1352,"y":473,"w":77,"h":89},"rotated":false,"trimmed":false,"spriteSourceSize":{"x":0,"y":0,"w":77,"h":89},"sourceSize":{"w":77,"h":89},"pivot":{"x":0.5,"y":0.5}},"NPC-713.png":{"frame":{"x":1352,"y":566,"w":82,"h":86},"rotated":false,"trimmed":false,"spriteSourceSize":{"x":0,"y":0,"w":82,"h":86},"sourceSize":{"w":82,"h":86},"pivot":{"x":0.5,"y":0.5}},"NPC-712.png":{"frame":{"x":1352,"y":656,"w":75,"h":75},"rotated":false,"trimmed":true,"spriteSourceSize":{"x":0,"y":0,"w":75,"h":75},"sourceSize":{"w":109,"h":75},"pivot":{"x":0.5,"y":0.5}},"NPC-688.png":{"frame":{"x":893,"y":179,"w":48,"h":74},"rotated":false,"trimmed":false,"spriteSourceSize":{"x":0,"y":0,"w":48,"h":74},"sourceSize":{"w":48,"h":74},"pivot":{"x":0.5,"y":0.5}},"NPC-691.png":{"frame":{"x":939,"y":662,"w":52,"h":74},"rotated":false,"trimmed":false,"spriteSourceSize":{"x":0,"y":0,"w":52,"h":74},"sourceSize":{"w":52,"h":74},"pivot":{"x":0.5,"y":0.5}},"NPC-701.png":{"frame":{"x":1352,"y":735,"w":53,"h":72},"rotated":false,"trimmed":false,"spriteSourceSize":{"x":0,"y":0,"w":53,"h":72},"sourceSize":{"w":53,"h":72},"pivot":{"x":0.5,"y":0.5}},"NPC-717.png":{"frame":{"x":1185,"y":728,"w":72,"h":40},"rotated":false,"trimmed":false,"spriteSourceSize":{"x":0,"y":0,"w":72,"h":40},"sourceSize":{"w":72,"h":40},"pivot":{"x":0.5,"y":0.5}},"NPC-681.png":{"frame":{"x":1352,"y":811,"w":56,"h":69},"rotated":false,"trimmed":false,"spriteSourceSize":{"x":0,"y":0,"w":56,"h":69},"sourceSize":{"w":56,"h":69},"pivot":{"x":0.5,"y":0.5}},"NPC-747.png":{"frame":{"x":1352,"y":884,"w":56,"h":69},"rotated":false,"trimmed":false,"spriteSourceSize":{"x":0,"y":0,"w":56,"h":69},"sourceSize":{"w":56,"h":69},"pivot":{"x":0.5,"y":0.5}},"NPC-719.png":{"frame":{"x":1352,"y":957,"w":55,"h":66},"rotated":false,"trimmed":false,"spriteSourceSize":{"x":0,"y":0,"w":55,"h":66},"sourceSize":{"w":55,"h":66},"pivot":{"x":0.5,"y":0.5}},"NPC-721.png":{"frame":{"x":1352,"y":1027,"w":66,"h":48},"rotated":false,"trimmed":false,"spriteSourceSize":{"x":0,"y":0,"w":66,"h":48},"sourceSize":{"w":66,"h":48},"pivot":{"x":0.5,"y":0.5}},"NPC-739.png":{"frame":{"x":1352,"y":1079,"w":47,"h":66},"rotated":false,"trimmed":false,"spriteSourceSize":{"x":0,"y":0,"w":47,"h":66},"sourceSize":{"w":47,"h":66},"pivot":{"x":0.5,"y":0.5}},"NPC-720.png":{"frame":{"x":1352,"y":1149,"w":62,"h":44},"rotated":false,"trimmed":false,"spriteSourceSize":{"x":0,"y":0,"w":62,"h":44},"sourceSize":{"w":62,"h":44},"pivot":{"x":0.5,"y":0.5}},"NPC-718.png":{"frame":{"x":1352,"y":1197,"w":52,"h":61},"rotated":false,"trimmed":false,"spriteSourceSize":{"x":0,"y":0,"w":52,"h":61},"sourceSize":{"w":52,"h":61},"pivot":{"x":0.5,"y":0.5}},"NPC-680.png":{"frame":{"x":1188,"y":1377,"w":50,"h":55},"rotated":false,"trimmed":false,"spriteSourceSize":{"x":0,"y":0,"w":50,"h":55},"sourceSize":{"w":50,"h":55},"pivot":{"x":0.5,"y":0.5}},"NPC-746.png":{"frame":{"x":1242,"y":1377,"w":50,"h":55},"rotated":false,"trimmed":false,"spriteSourceSize":{"x":0,"y":0,"w":50,"h":55},"sourceSize":{"w":50,"h":55},"pivot":{"x":0.5,"y":0.5}},"NPC-686.png":{"frame":{"x":1296,"y":1373,"w":44,"h":54},"rotated":false,"trimmed":false,"spriteSourceSize":{"x":0,"y":0,"w":44,"h":54},"sourceSize":{"w":44,"h":54},"pivot":{"x":0.5,"y":0.5}},"NPC-738.png":{"frame":{"x":1188,"y":1436,"w":41,"h":45},"rotated":false,"trimmed":false,"spriteSourceSize":{"x":0,"y":0,"w":41,"h":45},"sourceSize":{"w":41,"h":45},"pivot":{"x":0.5,"y":0.5}},"NPC-724.png":{"frame":{"x":372,"y":545,"w":34,"h":37},"rotated":false,"trimmed":false,"spriteSourceSize":{"x":0,"y":0,"w":34,"h":37},"sourceSize":{"w":34,"h":37},"pivot":{"x":0.5,"y":0.5}}},"meta":{"app":"http://github.com/odrick/free-tex-packer-core","version":"0.1.9","image":"h.png","format":"RGBA8888","size":{"w":2048,"h":2048},"scale":1}}