{"frames":{"top-menu-background.png":{"frame":{"x":2,"y":2,"w":220,"h":600},"rotated":false,"trimmed":false,"spriteSourceSize":{"x":0,"y":0,"w":220,"h":600},"sourceSize":{"w":220,"h":600},"pivot":{"x":0.5,"y":0.5}},"load-menu-asset-1.png":{"frame":{"x":226,"y":2,"w":240,"h":448},"rotated":false,"trimmed":false,"spriteSourceSize":{"x":0,"y":0,"w":240,"h":448},"sourceSize":{"w":240,"h":448},"pivot":{"x":0.5,"y":0.5}},"slider-bar.png":{"frame":{"x":470,"y":2,"w":400,"h":4},"rotated":false,"trimmed":false,"spriteSourceSize":{"x":0,"y":0,"w":400,"h":4},"sourceSize":{"w":400,"h":4},"pivot":{"x":0.5,"y":0.5}},"save-menu-asset-4.png":{"frame":{"x":470,"y":10,"w":240,"h":390},"rotated":false,"trimmed":false,"spriteSourceSize":{"x":0,"y":0,"w":240,"h":390},"sourceSize":{"w":240,"h":390},"pivot":{"x":0.5,"y":0.5}},"scroll-up-background.png":{"frame":{"x":470,"y":404,"w":312,"h":21},"rotated":false,"trimmed":false,"spriteSourceSize":{"x":0,"y":0,"w":312,"h":21},"sourceSize":{"w":312,"h":21},"pivot":{"x":0.5,"y":0.5}},"slider-back.png":{"frame":{"x":470,"y":429,"w":306,"h":10},"rotated":false,"trimmed":true,"spriteSourceSize":{"x":0,"y":8,"w":306,"h":10},"sourceSize":{"w":306,"h":27},"pivot":{"x":0.5,"y":0.5}},"window-border-asset.png":{"frame":{"x":2,"y":606,"w":300,"h":300},"rotated":false,"trimmed":false,"spriteSourceSize":{"x":0,"y":0,"w":300,"h":300},"sourceSize":{"w":300,"h":300},"pivot":{"x":0.5,"y":0.5}},"scroll-up-arrows.png":{"frame":{"x":226,"y":454,"w":260,"h":60},"rotated":false,"trimmed":false,"spriteSourceSize":{"x":0,"y":0,"w":260,"h":60},"sourceSize":{"w":260,"h":60},"pivot":{"x":0.5,"y":0.5}},"load-menu-asset-3.png":{"frame":{"x":490,"y":443,"w":200,"h":204},"rotated":false,"trimmed":false,"spriteSourceSize":{"x":0,"y":0,"w":200,"h":204},"sourceSize":{"w":200,"h":204},"pivot":{"x":0.5,"y":0.5}},"pris-joint-asset.png":{"frame":{"x":226,"y":518,"w":204,"h":62},"rotated":false,"trimmed":false,"spriteSourceSize":{"x":0,"y":0,"w":204,"h":62},"sourceSize":{"w":204,"h":62},"pivot":{"x":0.5,"y":0.5}},"load-menu-asset-2.png":{"frame":{"x":306,"y":651,"w":200,"h":50},"rotated":false,"trimmed":false,"spriteSourceSize":{"x":0,"y":0,"w":200,"h":50},"sourceSize":{"w":200,"h":50},"pivot":{"x":0.5,"y":0.5}},"save-menu-asset-2.png":{"frame":{"x":306,"y":705,"w":200,"h":104},"rotated":false,"trimmed":false,"spriteSourceSize":{"x":0,"y":0,"w":200,"h":104},"sourceSize":{"w":200,"h":104},"pivot":{"x":0.5,"y":0.5}},"save-menu-asset-3.png":{"frame":{"x":306,"y":813,"w":200,"h":22},"rotated":false,"trimmed":false,"spriteSourceSize":{"x":0,"y":0,"w":200,"h":22},"sourceSize":{"w":200,"h":22},"pivot":{"x":0.5,"y":0.5}},"window-shadow-asset.png":{"frame":{"x":510,"y":651,"w":200,"h":200},"rotated":false,"trimmed":false,"spriteSourceSize":{"x":0,"y":0,"w":200,"h":200},"sourceSize":{"w":200,"h":200},"pivot":{"x":0.5,"y":0.5}},"toolbar-asset-2.png":{"frame":{"x":714,"y":10,"w":120,"h":120},"rotated":false,"trimmed":false,"spriteSourceSize":{"x":0,"y":0,"w":120,"h":120},"sourceSize":{"w":120,"h":120},"pivot":{"x":0.5,"y":0.5}},"toolbar-asset-3.png":{"frame":{"x":714,"y":443,"w":120,"h":120},"rotated":false,"trimmed":false,"spriteSourceSize":{"x":0,"y":0,"w":120,"h":120},"sourceSize":{"w":120,"h":120},"pivot":{"x":0.5,"y":0.5}},"edge-icon-asset.png":{"frame":{"x":714,"y":134,"w":116,"h":108},"rotated":false,"trimmed":false,"spriteSourceSize":{"x":0,"y":0,"w":116,"h":108},"sourceSize":{"w":116,"h":108},"pivot":{"x":0.5,"y":0.5}},"rect-icon-asset.png":{"frame":{"x":714,"y":246,"w":103,"h":115},"rotated":false,"trimmed":false,"spriteSourceSize":{"x":0,"y":0,"w":103,"h":115},"sourceSize":{"w":103,"h":115},"pivot":{"x":0.5,"y":0.5}},"special-icon-asset.png":{"frame":{"x":714,"y":567,"w":113,"h":108},"rotated":false,"trimmed":false,"spriteSourceSize":{"x":0,"y":0,"w":113,"h":108},"sourceSize":{"w":113,"h":108},"pivot":{"x":0.5,"y":0.5}},"pin-icon-asset.png":{"frame":{"x":714,"y":679,"w":110,"h":71},"rotated":false,"trimmed":false,"spriteSourceSize":{"x":0,"y":0,"w":110,"h":71},"sourceSize":{"w":110,"h":71},"pivot":{"x":0.5,"y":0.5}},"trigger-icon-asset.png":{"frame":{"x":714,"y":754,"w":110,"h":90},"rotated":false,"trimmed":false,"spriteSourceSize":{"x":0,"y":0,"w":110,"h":90},"sourceSize":{"w":110,"h":90},"pivot":{"x":0.5,"y":0.5}},"load-menu-refresh.png":{"frame":{"x":874,"y":2,"w":108,"h":108},"rotated":false,"trimmed":false,"spriteSourceSize":{"x":0,"y":0,"w":108,"h":108},"sourceSize":{"w":108,"h":108},"pivot":{"x":0.5,"y":0.5}},"trigger-border-square.png":{"frame":{"x":838,"y":114,"w":105,"h":105},"rotated":false,"trimmed":false,"spriteSourceSize":{"x":0,"y":0,"w":105,"h":105},"sourceSize":{"w":105,"h":105},"pivot":{"x":0.5,"y":0.5}},"poly-icon-asset.png":{"frame":{"x":838,"y":223,"w":104,"h":99},"rotated":false,"trimmed":false,"spriteSourceSize":{"x":0,"y":0,"w":104,"h":99},"sourceSize":{"w":104,"h":99},"pivot":{"x":0.5,"y":0.5}},"text-icon-asset.png":{"frame":{"x":306,"y":855,"w":103,"h":46},"rotated":false,"trimmed":true,"spriteSourceSize":{"x":12,"y":25,"w":103,"h":46},"sourceSize":{"w":127,"h":92},"pivot":{"x":0.5,"y":0.5}},"arrow-tool-icon.png":{"frame":{"x":434,"y":518,"w":48,"h":95},"rotated":false,"trimmed":false,"spriteSourceSize":{"x":0,"y":0,"w":48,"h":95},"sourceSize":{"w":48,"h":95},"pivot":{"x":0.5,"y":0.5}},"dropper-button-bg.png":{"frame":{"x":821,"y":326,"w":92,"h":92},"rotated":false,"trimmed":false,"spriteSourceSize":{"x":0,"y":0,"w":92,"h":92},"sourceSize":{"w":92,"h":92},"pivot":{"x":0.5,"y":0.5}},"color-input-empty.png":{"frame":{"x":413,"y":839,"w":84,"h":64},"rotated":false,"trimmed":false,"spriteSourceSize":{"x":0,"y":0,"w":84,"h":64},"sourceSize":{"w":84,"h":64},"pivot":{"x":0.5,"y":0.5}},"polygon-icon.png":{"frame":{"x":838,"y":422,"w":83,"h":79},"rotated":false,"trimmed":false,"spriteSourceSize":{"x":0,"y":0,"w":83,"h":79},"sourceSize":{"w":83,"h":79},"pivot":{"x":0.5,"y":0.5}},"pin-joint-asset.png":{"frame":{"x":917,"y":326,"w":64,"h":76},"rotated":false,"trimmed":false,"spriteSourceSize":{"x":0,"y":0,"w":64,"h":76},"sourceSize":{"w":64,"h":76},"pivot":{"x":0.5,"y":0.5}},"list-play-button-asset.png":{"frame":{"x":838,"y":505,"w":72,"h":72},"rotated":false,"trimmed":false,"spriteSourceSize":{"x":0,"y":0,"w":72,"h":72},"sourceSize":{"w":72,"h":72},"pivot":{"x":0.5,"y":0.5}},"dropper-pipette.png":{"frame":{"x":831,"y":581,"w":69,"h":69},"rotated":false,"trimmed":false,"spriteSourceSize":{"x":0,"y":0,"w":69,"h":69},"sourceSize":{"w":69,"h":69},"pivot":{"x":0.5,"y":0.5}},"toolbar-asset-4.png":{"frame":{"x":306,"y":584,"w":60,"h":60},"rotated":false,"trimmed":false,"spriteSourceSize":{"x":0,"y":0,"w":60,"h":60},"sourceSize":{"w":60,"h":60},"pivot":{"x":0.5,"y":0.5}},"checkbox-asset-2.png":{"frame":{"x":925,"y":406,"w":56,"h":56},"rotated":false,"trimmed":false,"spriteSourceSize":{"x":0,"y":0,"w":56,"h":56},"sourceSize":{"w":56,"h":56},"pivot":{"x":0.5,"y":0.5}},"checkbox-asset-3.png":{"frame":{"x":925,"y":466,"w":54,"h":54},"rotated":false,"trimmed":false,"spriteSourceSize":{"x":0,"y":0,"w":54,"h":54},"sourceSize":{"w":54,"h":54},"pivot":{"x":0.5,"y":0.5}},"pipette.png":{"frame":{"x":714,"y":848,"w":53,"h":52},"rotated":false,"trimmed":true,"spriteSourceSize":{"x":0,"y":1,"w":53,"h":52},"sourceSize":{"w":53,"h":53},"pivot":{"x":0.5,"y":0.5}},"dropper-fill.png":{"frame":{"x":501,"y":855,"w":49,"h":49},"rotated":false,"trimmed":false,"spriteSourceSize":{"x":0,"y":0,"w":49,"h":49},"sourceSize":{"w":49,"h":49},"pivot":{"x":0.5,"y":0.5}},"checkbox-asset-1.png":{"frame":{"x":780,"y":429,"w":40,"h":8},"rotated":false,"trimmed":false,"spriteSourceSize":{"x":0,"y":0,"w":40,"h":8},"sourceSize":{"w":40,"h":8},"pivot":{"x":0.5,"y":0.5}},"color-spectrum-ring-asset.png":{"frame":{"x":554,"y":855,"w":40,"h":40},"rotated":false,"trimmed":false,"spriteSourceSize":{"x":0,"y":0,"w":40,"h":40},"sourceSize":{"w":40,"h":40},"pivot":{"x":0.5,"y":0.5}},"slider-arrow.png":{"frame":{"x":370,"y":617,"w":40,"h":28},"rotated":false,"trimmed":true,"spriteSourceSize":{"x":0,"y":16,"w":40,"h":28},"sourceSize":{"w":40,"h":44},"pivot":{"x":0.5,"y":0.5}},"window-close-asset.png":{"frame":{"x":838,"y":10,"w":32,"h":32},"rotated":false,"trimmed":false,"spriteSourceSize":{"x":0,"y":0,"w":32,"h":32},"sourceSize":{"w":32,"h":32},"pivot":{"x":0.5,"y":0.5}},"checkbox-asset-4.png":{"frame":{"x":370,"y":584,"w":23,"h":23},"rotated":false,"trimmed":false,"spriteSourceSize":{"x":0,"y":0,"w":23,"h":23},"sourceSize":{"w":23,"h":23},"pivot":{"x":0.5,"y":0.5}},"slider-box.png":{"frame":{"x":397,"y":584,"w":20,"h":20},"rotated":false,"trimmed":false,"spriteSourceSize":{"x":0,"y":0,"w":20,"h":20},"sourceSize":{"w":20,"h":20},"pivot":{"x":0.5,"y":0.5}},"save-menu-asset-1.png":{"frame":{"x":306,"y":651,"w":200,"h":50},"rotated":false,"trimmed":false,"spriteSourceSize":{"x":0,"y":0,"w":200,"h":50},"sourceSize":{"w":200,"h":50},"pivot":{"x":0.5,"y":0.5}}},"meta":{"app":"http://github.com/odrick/free-tex-packer-core","version":"0.1.9","image":"editor.png","format":"RGBA8888","size":{"w":2048,"h":2048},"scale":1}}