{"frames":{"wrecking-ball-ref-arrows.png":{"frame":{"x":2,"y":2,"w":1275,"h":675},"rotated":false,"trimmed":false,"spriteSourceSize":{"x":0,"y":0,"w":1275,"h":675},"sourceSize":{"w":1275,"h":675},"pivot":{"x":0.5,"y":0.5}},"wrecking-ball-ref-rope.png":{"frame":{"x":2,"y":681,"w":10,"h":701},"rotated":false,"trimmed":false,"spriteSourceSize":{"x":0,"y":0,"w":10,"h":701},"sourceSize":{"w":10,"h":701},"pivot":{"x":0.5,"y":0.5}},"van-glass-crushed.png":{"frame":{"x":16,"y":681,"w":537,"h":119},"rotated":false,"trimmed":false,"spriteSourceSize":{"x":0,"y":0,"w":537,"h":119},"sourceSize":{"w":537,"h":119},"pivot":{"x":0.5,"y":0.5}},"building2_1.png":{"frame":{"x":557,"y":681,"w":500,"h":180},"rotated":false,"trimmed":false,"spriteSourceSize":{"x":0,"y":0,"w":500,"h":180},"sourceSize":{"w":500,"h":180},"pivot":{"x":0.5,"y":0.5}},"building2_2.png":{"frame":{"x":16,"y":804,"w":500,"h":120},"rotated":false,"trimmed":false,"spriteSourceSize":{"x":0,"y":0,"w":500,"h":120},"sourceSize":{"w":500,"h":120},"pivot":{"x":0.5,"y":0.5}},"wrecking-ball-mc-rope-upper.png":{"frame":{"x":16,"y":928,"w":2,"h":429},"rotated":false,"trimmed":false,"spriteSourceSize":{"x":0,"y":0,"w":2,"h":429},"sourceSize":{"w":2,"h":429},"pivot":{"x":0.5,"y":0.5}},"wrecking-ball-ball.png":{"frame":{"x":22,"y":928,"w":300,"h":350},"rotated":false,"trimmed":false,"spriteSourceSize":{"x":0,"y":0,"w":300,"h":350},"sourceSize":{"w":300,"h":350},"pivot":{"x":0.5,"y":0.5}},"window-outer-frame-asset.png":{"frame":{"x":1061,"y":681,"w":212,"h":300},"rotated":false,"trimmed":false,"spriteSourceSize":{"x":0,"y":0,"w":212,"h":300},"sourceSize":{"w":212,"h":300},"pivot":{"x":0.5,"y":0.5}},"van-body-crushed.png":{"frame":{"x":326,"y":985,"w":283,"h":216},"rotated":false,"trimmed":false,"spriteSourceSize":{"x":0,"y":0,"w":283,"h":216},"sourceSize":{"w":283,"h":216},"pivot":{"x":0.5,"y":0.5}},"van-body.png":{"frame":{"x":613,"y":985,"w":264,"h":233},"rotated":false,"trimmed":false,"spriteSourceSize":{"x":0,"y":0,"w":264,"h":233},"sourceSize":{"w":264,"h":233},"pivot":{"x":0.5,"y":0.5}},"van-glass.png":{"frame":{"x":22,"y":1282,"w":251,"h":72},"rotated":false,"trimmed":false,"spriteSourceSize":{"x":0,"y":0,"w":251,"h":72},"sourceSize":{"w":251,"h":72},"pivot":{"x":0.5,"y":0.5}},"van-engine-vents-crushed.png":{"frame":{"x":16,"y":1361,"w":213,"h":18},"rotated":false,"trimmed":false,"spriteSourceSize":{"x":0,"y":0,"w":213,"h":18},"sourceSize":{"w":213,"h":18},"pivot":{"x":0.5,"y":0.5}},"building2-rail-top.png":{"frame":{"x":233,"y":1358,"w":200,"h":12},"rotated":false,"trimmed":false,"spriteSourceSize":{"x":0,"y":0,"w":200,"h":12},"sourceSize":{"w":200,"h":12},"pivot":{"x":0.5,"y":0.5}},"van-engine-vents.png":{"frame":{"x":233,"y":1374,"w":196,"h":8},"rotated":false,"trimmed":false,"spriteSourceSize":{"x":0,"y":0,"w":196,"h":8},"sourceSize":{"w":196,"h":8},"pivot":{"x":0.5,"y":0.5}},"van-glass-shard-12.png":{"frame":{"x":881,"y":865,"w":114,"h":182},"rotated":false,"trimmed":false,"spriteSourceSize":{"x":0,"y":0,"w":114,"h":182},"sourceSize":{"w":114,"h":182},"pivot":{"x":0.5,"y":0.5}},"van-glass-shard-1.png":{"frame":{"x":881,"y":1051,"w":112,"h":178},"rotated":false,"trimmed":false,"spriteSourceSize":{"x":0,"y":0,"w":112,"h":178},"sourceSize":{"w":112,"h":178},"pivot":{"x":0.5,"y":0.5}},"van-glass-shard-7.png":{"frame":{"x":326,"y":1233,"w":176,"h":117},"rotated":false,"trimmed":false,"spriteSourceSize":{"x":0,"y":0,"w":176,"h":117},"sourceSize":{"w":176,"h":117},"pivot":{"x":0.5,"y":0.5}},"van-wiper-blade.png":{"frame":{"x":326,"y":928,"w":172,"h":34},"rotated":false,"trimmed":false,"spriteSourceSize":{"x":0,"y":0,"w":172,"h":34},"sourceSize":{"w":172,"h":34},"pivot":{"x":0.5,"y":0.5}},"van-glass-shard-8.png":{"frame":{"x":520,"y":865,"w":167,"h":111},"rotated":false,"trimmed":false,"spriteSourceSize":{"x":0,"y":0,"w":167,"h":111},"sourceSize":{"w":167,"h":111},"pivot":{"x":0.5,"y":0.5}},"van-glass-shard-4.png":{"frame":{"x":506,"y":1233,"w":153,"h":136},"rotated":false,"trimmed":false,"spriteSourceSize":{"x":0,"y":0,"w":153,"h":136},"sourceSize":{"w":153,"h":136},"pivot":{"x":0.5,"y":0.5}},"van-glass-shard-2.png":{"frame":{"x":663,"y":1222,"w":82,"h":152},"rotated":false,"trimmed":false,"spriteSourceSize":{"x":0,"y":0,"w":82,"h":152},"sourceSize":{"w":82,"h":152},"pivot":{"x":0.5,"y":0.5}},"building1-asset-2.png":{"frame":{"x":691,"y":865,"w":150,"h":45},"rotated":false,"trimmed":false,"spriteSourceSize":{"x":0,"y":0,"w":150,"h":45},"sourceSize":{"w":150,"h":45},"pivot":{"x":0.5,"y":0.5}},"van-glass-shard-3.png":{"frame":{"x":749,"y":1233,"w":143,"h":147},"rotated":false,"trimmed":false,"spriteSourceSize":{"x":0,"y":0,"w":143,"h":147},"sourceSize":{"w":143,"h":147},"pivot":{"x":0.5,"y":0.5}},"van-glass-shard-6.png":{"frame":{"x":896,"y":1233,"w":143,"h":110},"rotated":false,"trimmed":false,"spriteSourceSize":{"x":0,"y":0,"w":143,"h":110},"sourceSize":{"w":143,"h":110},"pivot":{"x":0.5,"y":0.5}},"van-glass-shard-10.png":{"frame":{"x":997,"y":1051,"w":139,"h":129},"rotated":false,"trimmed":false,"spriteSourceSize":{"x":0,"y":0,"w":139,"h":129},"sourceSize":{"w":139,"h":129},"pivot":{"x":0.5,"y":0.5}},"van-glass-shard-9.png":{"frame":{"x":1043,"y":1184,"w":62,"h":133},"rotated":false,"trimmed":false,"spriteSourceSize":{"x":0,"y":0,"w":62,"h":133},"sourceSize":{"w":62,"h":133},"pivot":{"x":0.5,"y":0.5}},"van-glass-shard-13.png":{"frame":{"x":1140,"y":985,"w":132,"h":72},"rotated":false,"trimmed":false,"spriteSourceSize":{"x":0,"y":0,"w":132,"h":72},"sourceSize":{"w":132,"h":72},"pivot":{"x":0.5,"y":0.5}},"building1-asset-4.png":{"frame":{"x":1140,"y":1061,"w":94,"h":125},"rotated":false,"trimmed":true,"spriteSourceSize":{"x":1,"y":0,"w":94,"h":125},"sourceSize":{"w":95,"h":125},"pivot":{"x":0.5,"y":0.5}},"building1-asset-5.png":{"frame":{"x":1109,"y":1190,"w":95,"h":125},"rotated":false,"trimmed":false,"spriteSourceSize":{"x":0,"y":0,"w":95,"h":125},"sourceSize":{"w":95,"h":125},"pivot":{"x":0.5,"y":0.5}},"van-license-text.png":{"frame":{"x":691,"y":914,"w":119,"h":64},"rotated":false,"trimmed":false,"spriteSourceSize":{"x":0,"y":0,"w":119,"h":64},"sourceSize":{"w":119,"h":64},"pivot":{"x":0.5,"y":0.5}},"van-glass-shard-5.png":{"frame":{"x":1281,"y":2,"w":118,"h":108},"rotated":false,"trimmed":false,"spriteSourceSize":{"x":0,"y":0,"w":118,"h":108},"sourceSize":{"w":118,"h":108},"pivot":{"x":0.5,"y":0.5}},"building1_window_1.png":{"frame":{"x":1281,"y":114,"w":71,"h":100},"rotated":false,"trimmed":false,"spriteSourceSize":{"x":0,"y":0,"w":71,"h":100},"sourceSize":{"w":71,"h":100},"pivot":{"x":0.5,"y":0.5}},"building1_window_2.png":{"frame":{"x":1281,"y":218,"w":71,"h":100},"rotated":false,"trimmed":false,"spriteSourceSize":{"x":0,"y":0,"w":71,"h":100},"sourceSize":{"w":71,"h":100},"pivot":{"x":0.5,"y":0.5}},"building1_window_5.png":{"frame":{"x":1281,"y":322,"w":71,"h":100},"rotated":false,"trimmed":false,"spriteSourceSize":{"x":0,"y":0,"w":71,"h":100},"sourceSize":{"w":71,"h":100},"pivot":{"x":0.5,"y":0.5}},"building1_window_6.png":{"frame":{"x":1281,"y":426,"w":71,"h":100},"rotated":false,"trimmed":false,"spriteSourceSize":{"x":0,"y":0,"w":71,"h":100},"sourceSize":{"w":71,"h":100},"pivot":{"x":0.5,"y":0.5}},"building1_window_7.png":{"frame":{"x":1281,"y":530,"w":71,"h":100},"rotated":false,"trimmed":false,"spriteSourceSize":{"x":0,"y":0,"w":71,"h":100},"sourceSize":{"w":71,"h":100},"pivot":{"x":0.5,"y":0.5}},"wood-chip-12.png":{"frame":{"x":1356,"y":114,"w":33,"h":91},"rotated":false,"trimmed":false,"spriteSourceSize":{"x":0,"y":0,"w":33,"h":91},"sourceSize":{"w":33,"h":91},"pivot":{"x":0.5,"y":0.5}},"van-tire.png":{"frame":{"x":1356,"y":209,"w":40,"h":90},"rotated":false,"trimmed":false,"spriteSourceSize":{"x":0,"y":0,"w":40,"h":90},"sourceSize":{"w":40,"h":90},"pivot":{"x":0.5,"y":0.5}},"window-shade-asset.png":{"frame":{"x":1281,"y":634,"w":60,"h":90},"rotated":false,"trimmed":false,"spriteSourceSize":{"x":0,"y":0,"w":60,"h":90},"sourceSize":{"w":60,"h":90},"pivot":{"x":0.5,"y":0.5}},"building1-asset-1.png":{"frame":{"x":1043,"y":1321,"w":88,"h":55},"rotated":false,"trimmed":false,"spriteSourceSize":{"x":0,"y":0,"w":88,"h":55},"sourceSize":{"w":88,"h":55},"pivot":{"x":0.5,"y":0.5}},"wrecking-ball-mc-rope-base.png":{"frame":{"x":845,"y":865,"w":10,"h":87},"rotated":false,"trimmed":false,"spriteSourceSize":{"x":0,"y":0,"w":10,"h":87},"sourceSize":{"w":10,"h":87},"pivot":{"x":0.5,"y":0.5}},"wood-chip-2.png":{"frame":{"x":326,"y":1205,"w":75,"h":22},"rotated":false,"trimmed":false,"spriteSourceSize":{"x":0,"y":0,"w":75,"h":22},"sourceSize":{"w":75,"h":22},"pivot":{"x":0.5,"y":0.5}},"wood-chip-13.png":{"frame":{"x":1356,"y":303,"w":23,"h":73},"rotated":false,"trimmed":false,"spriteSourceSize":{"x":0,"y":0,"w":23,"h":73},"sourceSize":{"w":23,"h":73},"pivot":{"x":0.5,"y":0.5}},"wood-chip-3.png":{"frame":{"x":1383,"y":303,"w":11,"h":73},"rotated":false,"trimmed":false,"spriteSourceSize":{"x":0,"y":0,"w":11,"h":73},"sourceSize":{"w":11,"h":73},"pivot":{"x":0.5,"y":0.5}},"building2-rail-upright.png":{"frame":{"x":277,"y":1282,"w":12,"h":72},"rotated":false,"trimmed":false,"spriteSourceSize":{"x":0,"y":0,"w":12,"h":72},"sourceSize":{"w":12,"h":72},"pivot":{"x":0.5,"y":0.5}},"van-license-plate.png":{"frame":{"x":999,"y":985,"w":72,"h":40},"rotated":false,"trimmed":false,"spriteSourceSize":{"x":0,"y":0,"w":72,"h":40},"sourceSize":{"w":72,"h":40},"pivot":{"x":0.5,"y":0.5}},"wrecking-ball-block.png":{"frame":{"x":1277,"y":728,"w":72,"h":64},"rotated":false,"trimmed":false,"spriteSourceSize":{"x":0,"y":0,"w":72,"h":64},"sourceSize":{"w":72,"h":64},"pivot":{"x":0.5,"y":0.5}},"wood-chip-1.png":{"frame":{"x":896,"y":1347,"w":71,"h":26},"rotated":false,"trimmed":false,"spriteSourceSize":{"x":0,"y":0,"w":71,"h":26},"sourceSize":{"w":71,"h":26},"pivot":{"x":0.5,"y":0.5}},"van-light-lower.png":{"frame":{"x":405,"y":1205,"w":68,"h":24},"rotated":false,"trimmed":false,"spriteSourceSize":{"x":0,"y":0,"w":68,"h":24},"sourceSize":{"w":68,"h":24},"pivot":{"x":0.5,"y":0.5}},"van-light-main.png":{"frame":{"x":1135,"y":1319,"w":68,"h":36},"rotated":false,"trimmed":false,"spriteSourceSize":{"x":0,"y":0,"w":68,"h":36},"sourceSize":{"w":68,"h":36},"pivot":{"x":0.5,"y":0.5}},"wood-chip-4.png":{"frame":{"x":814,"y":956,"w":63,"h":12},"rotated":false,"trimmed":false,"spriteSourceSize":{"x":0,"y":0,"w":63,"h":12},"sourceSize":{"w":63,"h":12},"pivot":{"x":0.5,"y":0.5}},"wood-chip-5.png":{"frame":{"x":971,"y":1347,"w":63,"h":29},"rotated":false,"trimmed":false,"spriteSourceSize":{"x":0,"y":0,"w":63,"h":29},"sourceSize":{"w":63,"h":29},"pivot":{"x":0.5,"y":0.5}},"wood-chip-11.png":{"frame":{"x":1207,"y":1319,"w":62,"h":31},"rotated":false,"trimmed":false,"spriteSourceSize":{"x":0,"y":0,"w":62,"h":31},"sourceSize":{"w":62,"h":31},"pivot":{"x":0.5,"y":0.5}},"wood-chip-6.png":{"frame":{"x":1075,"y":985,"w":61,"h":14},"rotated":false,"trimmed":true,"spriteSourceSize":{"x":1,"y":0,"w":61,"h":14},"sourceSize":{"w":62,"h":14},"pivot":{"x":0.5,"y":0.5}},"van-sideview-mirror.png":{"frame":{"x":1277,"y":796,"w":60,"h":49},"rotated":false,"trimmed":false,"spriteSourceSize":{"x":0,"y":0,"w":60,"h":49},"sourceSize":{"w":60,"h":49},"pivot":{"x":0.5,"y":0.5}},"wood-chip-9.png":{"frame":{"x":1345,"y":634,"w":54,"h":33},"rotated":false,"trimmed":false,"spriteSourceSize":{"x":0,"y":0,"w":54,"h":33},"sourceSize":{"w":54,"h":33},"pivot":{"x":0.5,"y":0.5}},"wood-chip-10.png":{"frame":{"x":1345,"y":671,"w":53,"h":41},"rotated":false,"trimmed":false,"spriteSourceSize":{"x":0,"y":0,"w":53,"h":41},"sourceSize":{"w":53,"h":41},"pivot":{"x":0.5,"y":0.5}},"wood-chip-8.png":{"frame":{"x":520,"y":804,"w":32,"h":53},"rotated":false,"trimmed":false,"spriteSourceSize":{"x":0,"y":0,"w":32,"h":53},"sourceSize":{"w":32,"h":53},"pivot":{"x":0.5,"y":0.5}},"building1-asset-6.png":{"frame":{"x":437,"y":1354,"w":44,"h":26},"rotated":false,"trimmed":false,"spriteSourceSize":{"x":0,"y":0,"w":44,"h":26},"sourceSize":{"w":44,"h":26},"pivot":{"x":0.5,"y":0.5}},"wood-chip-7.png":{"frame":{"x":1075,"y":1003,"w":44,"h":44},"rotated":false,"trimmed":false,"spriteSourceSize":{"x":0,"y":0,"w":44,"h":44},"sourceSize":{"w":44,"h":44},"pivot":{"x":0.5,"y":0.5}},"water-1495.png":{"frame":{"x":859,"y":865,"w":15,"h":30},"rotated":false,"trimmed":false,"spriteSourceSize":{"x":0,"y":0,"w":15,"h":30},"sourceSize":{"w":15,"h":30},"pivot":{"x":0.5,"y":0.5}},"water-1487.png":{"frame":{"x":293,"y":1282,"w":29,"h":20},"rotated":false,"trimmed":false,"spriteSourceSize":{"x":0,"y":0,"w":29,"h":20},"sourceSize":{"w":29,"h":20},"pivot":{"x":0.5,"y":0.5}},"water-1489.png":{"frame":{"x":814,"y":914,"w":22,"h":29},"rotated":false,"trimmed":false,"spriteSourceSize":{"x":0,"y":0,"w":22,"h":29},"sourceSize":{"w":22,"h":29},"pivot":{"x":0.5,"y":0.5}},"water-1485.png":{"frame":{"x":293,"y":1306,"w":28,"h":21},"rotated":false,"trimmed":false,"spriteSourceSize":{"x":0,"y":0,"w":28,"h":21},"sourceSize":{"w":28,"h":21},"pivot":{"x":0.5,"y":0.5}},"water-1493.png":{"frame":{"x":1207,"y":1354,"w":27,"h":26},"rotated":false,"trimmed":false,"spriteSourceSize":{"x":0,"y":0,"w":27,"h":26},"sourceSize":{"w":27,"h":26},"pivot":{"x":0.5,"y":0.5}},"water-1491.png":{"frame":{"x":293,"y":1331,"w":26,"h":23},"rotated":false,"trimmed":false,"spriteSourceSize":{"x":0,"y":0,"w":26,"h":23},"sourceSize":{"w":26,"h":23},"pivot":{"x":0.5,"y":0.5}},"building1-asset-3.png":{"frame":{"x":1135,"y":1359,"w":8,"h":22},"rotated":false,"trimmed":false,"spriteSourceSize":{"x":0,"y":0,"w":8,"h":22},"sourceSize":{"w":8,"h":22},"pivot":{"x":0.5,"y":0.5}},"water-1490.png":{"frame":{"x":999,"y":1029,"w":20,"h":17},"rotated":false,"trimmed":false,"spriteSourceSize":{"x":0,"y":0,"w":20,"h":17},"sourceSize":{"w":20,"h":17},"pivot":{"x":0.5,"y":0.5}},"water-1486.png":{"frame":{"x":485,"y":1354,"w":16,"h":19},"rotated":false,"trimmed":false,"spriteSourceSize":{"x":0,"y":0,"w":16,"h":19},"sourceSize":{"w":16,"h":19},"pivot":{"x":0.5,"y":0.5}},"water-1494.png":{"frame":{"x":1023,"y":1029,"w":19,"h":18},"rotated":false,"trimmed":false,"spriteSourceSize":{"x":0,"y":0,"w":19,"h":18},"sourceSize":{"w":19,"h":18},"pivot":{"x":0.5,"y":0.5}},"building2-rail-joint-asset.png":{"frame":{"x":859,"y":899,"w":16,"h":16},"rotated":false,"trimmed":false,"spriteSourceSize":{"x":0,"y":0,"w":16,"h":16},"sourceSize":{"w":16,"h":16},"pivot":{"x":0.5,"y":0.5}},"water-1484.png":{"frame":{"x":1046,"y":1029,"w":16,"h":16},"rotated":false,"trimmed":false,"spriteSourceSize":{"x":0,"y":0,"w":16,"h":16},"sourceSize":{"w":16,"h":16},"pivot":{"x":0.5,"y":0.5}},"van-glass-shard-11.png":{"frame":{"x":881,"y":1051,"w":112,"h":178},"rotated":false,"trimmed":false,"spriteSourceSize":{"x":0,"y":0,"w":112,"h":178},"sourceSize":{"w":112,"h":178},"pivot":{"x":0.5,"y":0.5}},"water-1488.png":{"frame":{"x":1046,"y":1029,"w":16,"h":16},"rotated":false,"trimmed":false,"spriteSourceSize":{"x":0,"y":0,"w":16,"h":16},"sourceSize":{"w":16,"h":16},"pivot":{"x":0.5,"y":0.5}},"water-1492.png":{"frame":{"x":1046,"y":1029,"w":16,"h":16},"rotated":false,"trimmed":false,"spriteSourceSize":{"x":0,"y":0,"w":16,"h":16},"sourceSize":{"w":16,"h":16},"pivot":{"x":0.5,"y":0.5}},"water-1496.png":{"frame":{"x":1046,"y":1029,"w":16,"h":16},"rotated":false,"trimmed":false,"spriteSourceSize":{"x":0,"y":0,"w":16,"h":16},"sourceSize":{"w":16,"h":16},"pivot":{"x":0.5,"y":0.5}}},"meta":{"app":"http://github.com/odrick/free-tex-packer-core","version":"0.1.9","image":"o.png","format":"RGBA8888","size":{"w":2048,"h":2048},"scale":1}}