{"frames":{"NPC-505.png":{"frame":{"x":2,"y":2,"w":298,"h":340},"rotated":false,"trimmed":false,"spriteSourceSize":{"x":0,"y":0,"w":298,"h":340},"sourceSize":{"w":298,"h":340},"pivot":{"x":0.5,"y":0.5}},"NPC-507.png":{"frame":{"x":304,"y":2,"w":296,"h":327},"rotated":false,"trimmed":false,"spriteSourceSize":{"x":0,"y":0,"w":296,"h":327},"sourceSize":{"w":296,"h":327},"pivot":{"x":0.5,"y":0.5}},"NPC-499.png":{"frame":{"x":2,"y":346,"w":83,"h":257},"rotated":false,"trimmed":false,"spriteSourceSize":{"x":0,"y":0,"w":83,"h":257},"sourceSize":{"w":83,"h":257},"pivot":{"x":0.5,"y":0.5}},"NPC-497.png":{"frame":{"x":89,"y":346,"w":83,"h":255},"rotated":false,"trimmed":false,"spriteSourceSize":{"x":0,"y":0,"w":83,"h":255},"sourceSize":{"w":83,"h":255},"pivot":{"x":0.5,"y":0.5}},"NPC-500.png":{"frame":{"x":176,"y":346,"w":90,"h":252},"rotated":false,"trimmed":false,"spriteSourceSize":{"x":0,"y":0,"w":90,"h":252},"sourceSize":{"w":90,"h":252},"pivot":{"x":0.5,"y":0.5}},"NPC-498.png":{"frame":{"x":270,"y":346,"w":90,"h":250},"rotated":false,"trimmed":false,"spriteSourceSize":{"x":0,"y":0,"w":90,"h":250},"sourceSize":{"w":90,"h":250},"pivot":{"x":0.5,"y":0.5}},"NPC-442.png":{"frame":{"x":364,"y":333,"w":100,"h":243},"rotated":false,"trimmed":false,"spriteSourceSize":{"x":0,"y":0,"w":100,"h":243},"sourceSize":{"w":100,"h":243},"pivot":{"x":0.5,"y":0.5}},"NPC-441.png":{"frame":{"x":468,"y":333,"w":94,"h":241},"rotated":false,"trimmed":false,"spriteSourceSize":{"x":0,"y":0,"w":94,"h":241},"sourceSize":{"w":94,"h":241},"pivot":{"x":0.5,"y":0.5}},"NPC-476.png":{"frame":{"x":604,"y":2,"w":94,"h":241},"rotated":false,"trimmed":false,"spriteSourceSize":{"x":0,"y":0,"w":94,"h":241},"sourceSize":{"w":94,"h":241},"pivot":{"x":0.5,"y":0.5}},"NPC-477.png":{"frame":{"x":604,"y":247,"w":94,"h":236},"rotated":false,"trimmed":false,"spriteSourceSize":{"x":0,"y":0,"w":94,"h":236},"sourceSize":{"w":94,"h":236},"pivot":{"x":0.5,"y":0.5}},"NPC-439.png":{"frame":{"x":2,"y":607,"w":83,"h":224},"rotated":false,"trimmed":false,"spriteSourceSize":{"x":0,"y":0,"w":83,"h":224},"sourceSize":{"w":83,"h":224},"pivot":{"x":0.5,"y":0.5}},"NPC-437.png":{"frame":{"x":89,"y":605,"w":83,"h":223},"rotated":false,"trimmed":false,"spriteSourceSize":{"x":0,"y":0,"w":83,"h":223},"sourceSize":{"w":83,"h":223},"pivot":{"x":0.5,"y":0.5}},"NPC-472.png":{"frame":{"x":176,"y":602,"w":83,"h":223},"rotated":false,"trimmed":false,"spriteSourceSize":{"x":0,"y":0,"w":83,"h":223},"sourceSize":{"w":83,"h":223},"pivot":{"x":0.5,"y":0.5}},"NPC-440.png":{"frame":{"x":263,"y":602,"w":77,"h":223},"rotated":false,"trimmed":false,"spriteSourceSize":{"x":0,"y":0,"w":77,"h":223},"sourceSize":{"w":77,"h":223},"pivot":{"x":0.5,"y":0.5}},"NPC-438.png":{"frame":{"x":344,"y":600,"w":77,"h":222},"rotated":false,"trimmed":false,"spriteSourceSize":{"x":0,"y":0,"w":77,"h":222},"sourceSize":{"w":77,"h":222},"pivot":{"x":0.5,"y":0.5}},"NPC-521.png":{"frame":{"x":566,"y":487,"w":110,"h":221},"rotated":false,"trimmed":false,"spriteSourceSize":{"x":0,"y":0,"w":110,"h":221},"sourceSize":{"w":110,"h":221},"pivot":{"x":0.5,"y":0.5}},"NPC-473.png":{"frame":{"x":468,"y":578,"w":90,"h":220},"rotated":false,"trimmed":false,"spriteSourceSize":{"x":0,"y":0,"w":90,"h":220},"sourceSize":{"w":90,"h":220},"pivot":{"x":0.5,"y":0.5}},"NPC-474.png":{"frame":{"x":702,"y":2,"w":83,"h":219},"rotated":false,"trimmed":false,"spriteSourceSize":{"x":0,"y":0,"w":83,"h":219},"sourceSize":{"w":83,"h":219},"pivot":{"x":0.5,"y":0.5}},"NPC-475.png":{"frame":{"x":680,"y":487,"w":90,"h":216},"rotated":false,"trimmed":false,"spriteSourceSize":{"x":0,"y":0,"w":90,"h":216},"sourceSize":{"w":90,"h":216},"pivot":{"x":0.5,"y":0.5}},"NPC-520.png":{"frame":{"x":789,"y":2,"w":116,"h":208},"rotated":false,"trimmed":false,"spriteSourceSize":{"x":0,"y":0,"w":116,"h":208},"sourceSize":{"w":116,"h":208},"pivot":{"x":0.5,"y":0.5}},"NPC-457.png":{"frame":{"x":789,"y":214,"w":92,"h":205},"rotated":false,"trimmed":false,"spriteSourceSize":{"x":0,"y":0,"w":92,"h":205},"sourceSize":{"w":92,"h":205},"pivot":{"x":0.5,"y":0.5}},"NPC-456.png":{"frame":{"x":774,"y":423,"w":90,"h":202},"rotated":false,"trimmed":false,"spriteSourceSize":{"x":0,"y":0,"w":90,"h":202},"sourceSize":{"w":90,"h":202},"pivot":{"x":0.5,"y":0.5}},"NPC-501.png":{"frame":{"x":774,"y":629,"w":89,"h":198},"rotated":false,"trimmed":false,"spriteSourceSize":{"x":0,"y":0,"w":89,"h":198},"sourceSize":{"w":89,"h":198},"pivot":{"x":0.5,"y":0.5}},"NPC-478.png":{"frame":{"x":702,"y":225,"w":63,"h":194},"rotated":false,"trimmed":false,"spriteSourceSize":{"x":0,"y":0,"w":63,"h":194},"sourceSize":{"w":63,"h":194},"pivot":{"x":0.5,"y":0.5}},"NPC-490.png":{"frame":{"x":2,"y":835,"w":80,"h":193},"rotated":false,"trimmed":true,"spriteSourceSize":{"x":0,"y":1,"w":80,"h":193},"sourceSize":{"w":80,"h":194},"pivot":{"x":0.5,"y":0.5}},"NPC-479.png":{"frame":{"x":86,"y":835,"w":61,"h":190},"rotated":false,"trimmed":false,"spriteSourceSize":{"x":0,"y":0,"w":61,"h":190},"sourceSize":{"w":61,"h":190},"pivot":{"x":0.5,"y":0.5}},"NPC-444.png":{"frame":{"x":151,"y":832,"w":77,"h":189},"rotated":false,"trimmed":false,"spriteSourceSize":{"x":0,"y":0,"w":77,"h":189},"sourceSize":{"w":77,"h":189},"pivot":{"x":0.5,"y":0.5}},"NPC-443.png":{"frame":{"x":232,"y":831,"w":65,"h":186},"rotated":false,"trimmed":false,"spriteSourceSize":{"x":0,"y":0,"w":65,"h":186},"sourceSize":{"w":65,"h":186},"pivot":{"x":0.5,"y":0.5}},"NPC-503.png":{"frame":{"x":680,"y":707,"w":89,"h":185},"rotated":false,"trimmed":false,"spriteSourceSize":{"x":0,"y":0,"w":89,"h":185},"sourceSize":{"w":89,"h":185},"pivot":{"x":0.5,"y":0.5}},"NPC-493.png":{"frame":{"x":773,"y":831,"w":59,"h":184},"rotated":false,"trimmed":false,"spriteSourceSize":{"x":0,"y":0,"w":59,"h":184},"sourceSize":{"w":59,"h":184},"pivot":{"x":0.5,"y":0.5}},"NPC-502.png":{"frame":{"x":301,"y":829,"w":95,"h":183},"rotated":false,"trimmed":false,"spriteSourceSize":{"x":0,"y":0,"w":95,"h":183},"sourceSize":{"w":95,"h":183},"pivot":{"x":0.5,"y":0.5}},"NPC-470.png":{"frame":{"x":400,"y":826,"w":176,"h":164},"rotated":false,"trimmed":false,"spriteSourceSize":{"x":0,"y":0,"w":176,"h":164},"sourceSize":{"w":176,"h":164},"pivot":{"x":0.5,"y":0.5}},"NPC-492.png":{"frame":{"x":580,"y":712,"w":80,"h":172},"rotated":false,"trimmed":true,"spriteSourceSize":{"x":0,"y":1,"w":80,"h":172},"sourceSize":{"w":80,"h":173},"pivot":{"x":0.5,"y":0.5}},"NPC-504.png":{"frame":{"x":909,"y":2,"w":95,"h":169},"rotated":false,"trimmed":false,"spriteSourceSize":{"x":0,"y":0,"w":95,"h":169},"sourceSize":{"w":95,"h":169},"pivot":{"x":0.5,"y":0.5}},"NPC-489.png":{"frame":{"x":836,"y":831,"w":60,"h":165},"rotated":false,"trimmed":false,"spriteSourceSize":{"x":0,"y":0,"w":60,"h":165},"sourceSize":{"w":60,"h":165},"pivot":{"x":0.5,"y":0.5}},"NPC-482.png":{"frame":{"x":1008,"y":2,"w":140,"h":150},"rotated":false,"trimmed":false,"spriteSourceSize":{"x":0,"y":0,"w":140,"h":150},"sourceSize":{"w":140,"h":150},"pivot":{"x":0.5,"y":0.5}},"NPC-494.png":{"frame":{"x":867,"y":629,"w":64,"h":147},"rotated":false,"trimmed":false,"spriteSourceSize":{"x":0,"y":0,"w":64,"h":147},"sourceSize":{"w":64,"h":147},"pivot":{"x":0.5,"y":0.5}},"NPC-491.png":{"frame":{"x":868,"y":423,"w":67,"h":144},"rotated":false,"trimmed":false,"spriteSourceSize":{"x":0,"y":0,"w":67,"h":144},"sourceSize":{"w":67,"h":144},"pivot":{"x":0.5,"y":0.5}},"NPC-481.png":{"frame":{"x":580,"y":888,"w":50,"h":137},"rotated":false,"trimmed":false,"spriteSourceSize":{"x":0,"y":0,"w":50,"h":137},"sourceSize":{"w":50,"h":137},"pivot":{"x":0.5,"y":0.5}},"NPC-484.png":{"frame":{"x":885,"y":214,"w":50,"h":136},"rotated":false,"trimmed":false,"spriteSourceSize":{"x":0,"y":0,"w":50,"h":136},"sourceSize":{"w":50,"h":136},"pivot":{"x":0.5,"y":0.5}},"NPC-485.png":{"frame":{"x":566,"y":333,"w":34,"h":134},"rotated":false,"trimmed":false,"spriteSourceSize":{"x":0,"y":0,"w":34,"h":134},"sourceSize":{"w":34,"h":134},"pivot":{"x":0.5,"y":0.5}},"NPC-519.png":{"frame":{"x":634,"y":896,"w":132,"h":82},"rotated":false,"trimmed":false,"spriteSourceSize":{"x":0,"y":0,"w":132,"h":82},"sourceSize":{"w":132,"h":82},"pivot":{"x":0.5,"y":0.5}},"NPC-528.png":{"frame":{"x":1008,"y":156,"w":104,"h":132},"rotated":false,"trimmed":false,"spriteSourceSize":{"x":0,"y":0,"w":104,"h":132},"sourceSize":{"w":104,"h":132},"pivot":{"x":0.5,"y":0.5}},"NPC-480.png":{"frame":{"x":939,"y":175,"w":50,"h":131},"rotated":false,"trimmed":false,"spriteSourceSize":{"x":0,"y":0,"w":50,"h":131},"sourceSize":{"w":50,"h":131},"pivot":{"x":0.5,"y":0.5}},"NPC-483.png":{"frame":{"x":993,"y":292,"w":50,"h":131},"rotated":false,"trimmed":false,"spriteSourceSize":{"x":0,"y":0,"w":50,"h":131},"sourceSize":{"w":50,"h":131},"pivot":{"x":0.5,"y":0.5}},"NPC-486.png":{"frame":{"x":425,"y":580,"w":34,"h":126},"rotated":false,"trimmed":false,"spriteSourceSize":{"x":0,"y":0,"w":34,"h":126},"sourceSize":{"w":34,"h":126},"pivot":{"x":0.5,"y":0.5}},"NPC-451.png":{"frame":{"x":1047,"y":292,"w":61,"h":122},"rotated":false,"trimmed":false,"spriteSourceSize":{"x":0,"y":0,"w":61,"h":122},"sourceSize":{"w":61,"h":122},"pivot":{"x":0.5,"y":0.5}},"NPC-511.png":{"frame":{"x":939,"y":427,"w":121,"h":69},"rotated":false,"trimmed":false,"spriteSourceSize":{"x":0,"y":0,"w":121,"h":69},"sourceSize":{"w":121,"h":69},"pivot":{"x":0.5,"y":0.5}},"NPC-516.png":{"frame":{"x":1064,"y":418,"w":69,"h":120},"rotated":false,"trimmed":false,"spriteSourceSize":{"x":0,"y":0,"w":69,"h":120},"sourceSize":{"w":69,"h":120},"pivot":{"x":0.5,"y":0.5}},"NPC-454.png":{"frame":{"x":939,"y":500,"w":66,"h":114},"rotated":false,"trimmed":false,"spriteSourceSize":{"x":0,"y":0,"w":66,"h":114},"sourceSize":{"w":66,"h":114},"pivot":{"x":0.5,"y":0.5}},"NPC-506.png":{"frame":{"x":1009,"y":542,"w":114,"h":69},"rotated":false,"trimmed":false,"spriteSourceSize":{"x":0,"y":0,"w":114,"h":69},"sourceSize":{"w":114,"h":69},"pivot":{"x":0.5,"y":0.5}},"NPC-515.png":{"frame":{"x":1009,"y":615,"w":93,"h":109},"rotated":false,"trimmed":false,"spriteSourceSize":{"x":0,"y":0,"w":93,"h":109},"sourceSize":{"w":93,"h":109},"pivot":{"x":0.5,"y":0.5}},"NPC-452.png":{"frame":{"x":935,"y":728,"w":73,"h":107},"rotated":false,"trimmed":false,"spriteSourceSize":{"x":0,"y":0,"w":73,"h":107},"sourceSize":{"w":73,"h":107},"pivot":{"x":0.5,"y":0.5}},"NPC-514.png":{"frame":{"x":1012,"y":728,"w":102,"h":105},"rotated":false,"trimmed":false,"spriteSourceSize":{"x":0,"y":0,"w":102,"h":105},"sourceSize":{"w":102,"h":105},"pivot":{"x":0.5,"y":0.5}},"NPC-513.png":{"frame":{"x":1012,"y":837,"w":102,"h":100},"rotated":false,"trimmed":false,"spriteSourceSize":{"x":0,"y":0,"w":102,"h":100},"sourceSize":{"w":102,"h":100},"pivot":{"x":0.5,"y":0.5}},"NPC-469.png":{"frame":{"x":1118,"y":615,"w":28,"h":100},"rotated":false,"trimmed":false,"spriteSourceSize":{"x":0,"y":0,"w":28,"h":100},"sourceSize":{"w":28,"h":100},"pivot":{"x":0.5,"y":0.5}},"NPC-468.png":{"frame":{"x":1118,"y":719,"w":27,"h":98},"rotated":false,"trimmed":false,"spriteSourceSize":{"x":0,"y":0,"w":27,"h":98},"sourceSize":{"w":27,"h":98},"pivot":{"x":0.5,"y":0.5}},"NPC-517.png":{"frame":{"x":900,"y":839,"w":83,"h":97},"rotated":false,"trimmed":false,"spriteSourceSize":{"x":0,"y":0,"w":83,"h":97},"sourceSize":{"w":83,"h":97},"pivot":{"x":0.5,"y":0.5}},"NPC-518.png":{"frame":{"x":2,"y":1032,"w":78,"h":97},"rotated":false,"trimmed":false,"spriteSourceSize":{"x":0,"y":0,"w":78,"h":97},"sourceSize":{"w":78,"h":97},"pivot":{"x":0.5,"y":0.5}},"NPC-512.png":{"frame":{"x":84,"y":1032,"w":78,"h":96},"rotated":false,"trimmed":false,"spriteSourceSize":{"x":0,"y":0,"w":78,"h":96},"sourceSize":{"w":78,"h":96},"pivot":{"x":0.5,"y":0.5}},"NPC-464.png":{"frame":{"x":166,"y":1029,"w":92,"h":95},"rotated":false,"trimmed":false,"spriteSourceSize":{"x":0,"y":0,"w":92,"h":95},"sourceSize":{"w":92,"h":95},"pivot":{"x":0.5,"y":0.5}},"NPC-455.png":{"frame":{"x":262,"y":1029,"w":71,"h":93},"rotated":false,"trimmed":false,"spriteSourceSize":{"x":0,"y":0,"w":71,"h":93},"sourceSize":{"w":71,"h":93},"pivot":{"x":0.5,"y":0.5}},"NPC-508.png":{"frame":{"x":337,"y":1029,"w":84,"h":93},"rotated":false,"trimmed":false,"spriteSourceSize":{"x":0,"y":0,"w":84,"h":93},"sourceSize":{"w":84,"h":93},"pivot":{"x":0.5,"y":0.5}},"NPC-450.png":{"frame":{"x":425,"y":1029,"w":88,"h":89},"rotated":false,"trimmed":false,"spriteSourceSize":{"x":0,"y":0,"w":88,"h":89},"sourceSize":{"w":88,"h":89},"pivot":{"x":0.5,"y":0.5}},"NPC-449.png":{"frame":{"x":517,"y":1029,"w":86,"h":81},"rotated":false,"trimmed":false,"spriteSourceSize":{"x":0,"y":0,"w":86,"h":81},"sourceSize":{"w":86,"h":81},"pivot":{"x":0.5,"y":0.5}},"NPC-465.png":{"frame":{"x":935,"y":618,"w":61,"h":86},"rotated":false,"trimmed":false,"spriteSourceSize":{"x":0,"y":0,"w":61,"h":86},"sourceSize":{"w":61,"h":86},"pivot":{"x":0.5,"y":0.5}},"NPC-445.png":{"frame":{"x":607,"y":1029,"w":51,"h":85},"rotated":false,"trimmed":false,"spriteSourceSize":{"x":0,"y":0,"w":51,"h":85},"sourceSize":{"w":51,"h":85},"pivot":{"x":0.5,"y":0.5}},"NPC-453.png":{"frame":{"x":662,"y":1019,"w":81,"h":84},"rotated":false,"trimmed":false,"spriteSourceSize":{"x":0,"y":0,"w":81,"h":84},"sourceSize":{"w":81,"h":84},"pivot":{"x":0.5,"y":0.5}},"NPC-446.png":{"frame":{"x":900,"y":940,"w":80,"h":68},"rotated":false,"trimmed":false,"spriteSourceSize":{"x":0,"y":0,"w":80,"h":68},"sourceSize":{"w":80,"h":68},"pivot":{"x":0.5,"y":0.5}},"NPC-522.png":{"frame":{"x":747,"y":1019,"w":68,"h":79},"rotated":false,"trimmed":false,"spriteSourceSize":{"x":0,"y":0,"w":68,"h":79},"sourceSize":{"w":68,"h":79},"pivot":{"x":0.5,"y":0.5}},"NPC-448.png":{"frame":{"x":885,"y":354,"w":76,"h":40},"rotated":false,"trimmed":false,"spriteSourceSize":{"x":0,"y":0,"w":76,"h":40},"sourceSize":{"w":76,"h":40},"pivot":{"x":0.5,"y":0.5}},"NPC-510.png":{"frame":{"x":819,"y":1019,"w":70,"h":76},"rotated":false,"trimmed":false,"spriteSourceSize":{"x":0,"y":0,"w":70,"h":76},"sourceSize":{"w":70,"h":76},"pivot":{"x":0.5,"y":0.5}},"NPC-459.png":{"frame":{"x":893,"y":1012,"w":75,"h":40},"rotated":false,"trimmed":false,"spriteSourceSize":{"x":0,"y":0,"w":75,"h":40},"sourceSize":{"w":75,"h":40},"pivot":{"x":0.5,"y":0.5}},"NPC-496.png":{"frame":{"x":972,"y":1012,"w":48,"h":74},"rotated":false,"trimmed":false,"spriteSourceSize":{"x":0,"y":0,"w":48,"h":74},"sourceSize":{"w":48,"h":74},"pivot":{"x":0.5,"y":0.5}},"NPC-447.png":{"frame":{"x":893,"y":1056,"w":51,"h":73},"rotated":false,"trimmed":false,"spriteSourceSize":{"x":0,"y":0,"w":51,"h":73},"sourceSize":{"w":51,"h":73},"pivot":{"x":0.5,"y":0.5}},"NPC-509.png":{"frame":{"x":1024,"y":941,"w":71,"h":73},"rotated":false,"trimmed":false,"spriteSourceSize":{"x":0,"y":0,"w":71,"h":73},"sourceSize":{"w":71,"h":73},"pivot":{"x":0.5,"y":0.5}},"NPC-462.png":{"frame":{"x":1024,"y":1018,"w":54,"h":69},"rotated":false,"trimmed":false,"spriteSourceSize":{"x":0,"y":0,"w":54,"h":69},"sourceSize":{"w":54,"h":69},"pivot":{"x":0.5,"y":0.5}},"NPC-523.png":{"frame":{"x":702,"y":423,"w":67,"h":56},"rotated":false,"trimmed":false,"spriteSourceSize":{"x":0,"y":0,"w":67,"h":56},"sourceSize":{"w":67,"h":56},"pivot":{"x":0.5,"y":0.5}},"NPC-527.png":{"frame":{"x":1082,"y":1018,"w":57,"h":65},"rotated":false,"trimmed":false,"spriteSourceSize":{"x":0,"y":0,"w":57,"h":65},"sourceSize":{"w":57,"h":65},"pivot":{"x":0.5,"y":0.5}},"NPC-463.png":{"frame":{"x":868,"y":571,"w":63,"h":36},"rotated":false,"trimmed":false,"spriteSourceSize":{"x":0,"y":0,"w":63,"h":36},"sourceSize":{"w":63,"h":36},"pivot":{"x":0.5,"y":0.5}},"NPC-460.png":{"frame":{"x":1099,"y":941,"w":48,"h":60},"rotated":false,"trimmed":false,"spriteSourceSize":{"x":0,"y":0,"w":48,"h":60},"sourceSize":{"w":48,"h":60},"pivot":{"x":0.5,"y":0.5}},"NPC-436.png":{"frame":{"x":425,"y":710,"w":37,"h":59},"rotated":false,"trimmed":false,"spriteSourceSize":{"x":0,"y":0,"w":37,"h":59},"sourceSize":{"w":37,"h":59},"pivot":{"x":0.5,"y":0.5}},"NPC-466.png":{"frame":{"x":2,"y":1133,"w":51,"h":58},"rotated":false,"trimmed":false,"spriteSourceSize":{"x":0,"y":0,"w":51,"h":58},"sourceSize":{"w":51,"h":58},"pivot":{"x":0.5,"y":0.5}},"NPC-525.png":{"frame":{"x":57,"y":1133,"w":52,"h":58},"rotated":false,"trimmed":false,"spriteSourceSize":{"x":0,"y":0,"w":52,"h":58},"sourceSize":{"w":52,"h":58},"pivot":{"x":0.5,"y":0.5}},"NPC-471.png":{"frame":{"x":113,"y":1133,"w":38,"h":57},"rotated":false,"trimmed":false,"spriteSourceSize":{"x":0,"y":0,"w":38,"h":57},"sourceSize":{"w":38,"h":57},"pivot":{"x":0.5,"y":0.5}},"NPC-458.png":{"frame":{"x":155,"y":1133,"w":50,"h":56},"rotated":false,"trimmed":false,"spriteSourceSize":{"x":0,"y":0,"w":50,"h":56},"sourceSize":{"w":50,"h":56},"pivot":{"x":0.5,"y":0.5}},"NPC-495.png":{"frame":{"x":209,"y":1133,"w":44,"h":54},"rotated":false,"trimmed":false,"spriteSourceSize":{"x":0,"y":0,"w":44,"h":54},"sourceSize":{"w":44,"h":54},"pivot":{"x":0.5,"y":0.5}},"NPC-461.png":{"frame":{"x":867,"y":780,"w":53,"h":44},"rotated":false,"trimmed":false,"spriteSourceSize":{"x":0,"y":0,"w":53,"h":44},"sourceSize":{"w":53,"h":44},"pivot":{"x":0.5,"y":0.5}},"NPC-526.png":{"frame":{"x":257,"y":1133,"w":38,"h":53},"rotated":false,"trimmed":false,"spriteSourceSize":{"x":0,"y":0,"w":38,"h":53},"sourceSize":{"w":38,"h":53},"pivot":{"x":0.5,"y":0.5}},"NPC-488.png":{"frame":{"x":1112,"y":292,"w":36,"h":52},"rotated":false,"trimmed":false,"spriteSourceSize":{"x":0,"y":0,"w":36,"h":52},"sourceSize":{"w":36,"h":52},"pivot":{"x":0.5,"y":0.5}},"NPC-524.png":{"frame":{"x":1009,"y":500,"w":51,"h":28},"rotated":false,"trimmed":false,"spriteSourceSize":{"x":0,"y":0,"w":51,"h":28},"sourceSize":{"w":51,"h":28},"pivot":{"x":0.5,"y":0.5}},"NPC-435.png":{"frame":{"x":984,"y":941,"w":34,"h":42},"rotated":false,"trimmed":false,"spriteSourceSize":{"x":0,"y":0,"w":34,"h":42},"sourceSize":{"w":34,"h":42},"pivot":{"x":0.5,"y":0.5}},"NPC-487.png":{"frame":{"x":1116,"y":156,"w":32,"h":36},"rotated":false,"trimmed":false,"spriteSourceSize":{"x":0,"y":0,"w":32,"h":36},"sourceSize":{"w":32,"h":36},"pivot":{"x":0.5,"y":0.5}}},"meta":{"app":"http://github.com/odrick/free-tex-packer-core","version":"0.1.9","image":"f.png","format":"RGBA8888","size":{"w":2048,"h":2048},"scale":1}}