<levelXML>
    <info v="1.87" x="424" y="5041" c="1" f="t" h="t" bg="0" bgc="7250667" e="1"/>
    <shapes>
        <sh t="0" p0="132" p1="5246" p2="300" p3="100" p4="0" p5="t" p6="f" p7="1" p8="8618253" p9="255" p10="100" p11="1"/>
    </shapes>
    <specials>
        <sp t="6" p0="539" p1="5360" p2="0" p3="t" p4="42" p5="f"/>
        <sp t="12" p0="178" p1="5098" p2="0" p3="2" p4="20"/>
        <sp t="32" p0="759" p1="5043" p2="0" p3="f" p4="t" p5="1"/>
        <sp t="34" p0="426" p1="5154" p2="0" p3="f" p4="f" p5="t" p6="1"/>
        <sp t="14" p0="863" p1="5075" p2="1" p3="3"/>
        <sp t="13" p0="142" p1="5196" p2="1" p3="3"/>
    </specials>
</levelXML>