{"frames":{"NPC-1088.png":{"frame":{"x":2,"y":2,"w":111,"h":261},"rotated":false,"trimmed":false,"spriteSourceSize":{"x":0,"y":0,"w":111,"h":261},"sourceSize":{"w":111,"h":261},"pivot":{"x":0.5,"y":0.5}},"NPC-1085.png":{"frame":{"x":117,"y":2,"w":150,"h":261},"rotated":false,"trimmed":false,"spriteSourceSize":{"x":0,"y":0,"w":150,"h":261},"sourceSize":{"w":150,"h":261},"pivot":{"x":0.5,"y":0.5}},"NPC-1086.png":{"frame":{"x":2,"y":267,"w":128,"h":260},"rotated":false,"trimmed":false,"spriteSourceSize":{"x":0,"y":0,"w":128,"h":260},"sourceSize":{"w":128,"h":260},"pivot":{"x":0.5,"y":0.5}},"NPC-1090.png":{"frame":{"x":134,"y":267,"w":111,"h":260},"rotated":false,"trimmed":false,"spriteSourceSize":{"x":0,"y":0,"w":111,"h":260},"sourceSize":{"w":111,"h":260},"pivot":{"x":0.5,"y":0.5}},"NPC-1025.png":{"frame":{"x":271,"y":2,"w":82,"h":258},"rotated":false,"trimmed":false,"spriteSourceSize":{"x":0,"y":0,"w":82,"h":258},"sourceSize":{"w":82,"h":258},"pivot":{"x":0.5,"y":0.5}},"NPC-1058.png":{"frame":{"x":249,"y":267,"w":93,"h":258},"rotated":false,"trimmed":false,"spriteSourceSize":{"x":0,"y":0,"w":93,"h":258},"sourceSize":{"w":93,"h":258},"pivot":{"x":0.5,"y":0.5}},"NPC-1023.png":{"frame":{"x":357,"y":2,"w":82,"h":255},"rotated":false,"trimmed":false,"spriteSourceSize":{"x":0,"y":0,"w":82,"h":255},"sourceSize":{"w":82,"h":255},"pivot":{"x":0.5,"y":0.5}},"NPC-1056.png":{"frame":{"x":346,"y":264,"w":93,"h":255},"rotated":false,"trimmed":false,"spriteSourceSize":{"x":0,"y":0,"w":93,"h":255},"sourceSize":{"w":93,"h":255},"pivot":{"x":0.5,"y":0.5}},"NPC-1057.png":{"frame":{"x":443,"y":2,"w":83,"h":254},"rotated":false,"trimmed":false,"spriteSourceSize":{"x":0,"y":0,"w":83,"h":254},"sourceSize":{"w":83,"h":254},"pivot":{"x":0.5,"y":0.5}},"NPC-1089.png":{"frame":{"x":530,"y":2,"w":124,"h":254},"rotated":false,"trimmed":false,"spriteSourceSize":{"x":0,"y":0,"w":124,"h":254},"sourceSize":{"w":124,"h":254},"pivot":{"x":0.5,"y":0.5}},"NPC-1026.png":{"frame":{"x":443,"y":260,"w":89,"h":252},"rotated":false,"trimmed":false,"spriteSourceSize":{"x":0,"y":0,"w":89,"h":252},"sourceSize":{"w":89,"h":252},"pivot":{"x":0.5,"y":0.5}},"NPC-1091.png":{"frame":{"x":2,"y":531,"w":124,"h":252},"rotated":false,"trimmed":false,"spriteSourceSize":{"x":0,"y":0,"w":124,"h":252},"sourceSize":{"w":124,"h":252},"pivot":{"x":0.5,"y":0.5}},"NPC-1055.png":{"frame":{"x":130,"y":531,"w":83,"h":251},"rotated":false,"trimmed":false,"spriteSourceSize":{"x":0,"y":0,"w":83,"h":251},"sourceSize":{"w":83,"h":251},"pivot":{"x":0.5,"y":0.5}},"NPC-1024.png":{"frame":{"x":217,"y":531,"w":89,"h":248},"rotated":false,"trimmed":false,"spriteSourceSize":{"x":0,"y":0,"w":89,"h":248},"sourceSize":{"w":89,"h":248},"pivot":{"x":0.5,"y":0.5}},"NPC-1043.png":{"frame":{"x":536,"y":260,"w":109,"h":221},"rotated":false,"trimmed":false,"spriteSourceSize":{"x":0,"y":0,"w":109,"h":221},"sourceSize":{"w":109,"h":221},"pivot":{"x":0.5,"y":0.5}},"NPC-1044.png":{"frame":{"x":536,"y":485,"w":117,"h":221},"rotated":false,"trimmed":false,"spriteSourceSize":{"x":0,"y":0,"w":117,"h":221},"sourceSize":{"w":117,"h":221},"pivot":{"x":0.5,"y":0.5}},"NPC-1092.png":{"frame":{"x":443,"y":516,"w":71,"h":209},"rotated":false,"trimmed":false,"spriteSourceSize":{"x":0,"y":0,"w":71,"h":209},"sourceSize":{"w":71,"h":209},"pivot":{"x":0.5,"y":0.5}},"NPC-1027.png":{"frame":{"x":346,"y":523,"w":61,"h":199},"rotated":false,"trimmed":false,"spriteSourceSize":{"x":0,"y":0,"w":61,"h":199},"sourceSize":{"w":61,"h":199},"pivot":{"x":0.5,"y":0.5}},"NPC-1059.png":{"frame":{"x":658,"y":2,"w":61,"h":199},"rotated":false,"trimmed":false,"spriteSourceSize":{"x":0,"y":0,"w":61,"h":199},"sourceSize":{"w":61,"h":199},"pivot":{"x":0.5,"y":0.5}},"NPC-1073.png":{"frame":{"x":723,"y":2,"w":80,"h":197},"rotated":false,"trimmed":false,"spriteSourceSize":{"x":0,"y":0,"w":80,"h":197},"sourceSize":{"w":80,"h":197},"pivot":{"x":0.5,"y":0.5}},"NPC-1060.png":{"frame":{"x":723,"y":203,"w":70,"h":194},"rotated":false,"trimmed":false,"spriteSourceSize":{"x":0,"y":0,"w":70,"h":194},"sourceSize":{"w":70,"h":194},"pivot":{"x":0.5,"y":0.5}},"NPC-1018.png":{"frame":{"x":657,"y":401,"w":80,"h":192},"rotated":false,"trimmed":true,"spriteSourceSize":{"x":0,"y":1,"w":80,"h":192},"sourceSize":{"w":80,"h":193},"pivot":{"x":0.5,"y":0.5}},"NPC-1061.png":{"frame":{"x":658,"y":205,"w":61,"h":188},"rotated":false,"trimmed":false,"spriteSourceSize":{"x":0,"y":0,"w":61,"h":188},"sourceSize":{"w":61,"h":188},"pivot":{"x":0.5,"y":0.5}},"NPC-1093.png":{"frame":{"x":2,"y":787,"w":99,"h":187},"rotated":false,"trimmed":false,"spriteSourceSize":{"x":0,"y":0,"w":99,"h":187},"sourceSize":{"w":99,"h":187},"pivot":{"x":0.5,"y":0.5}},"NPC-1094.png":{"frame":{"x":105,"y":787,"w":86,"h":184},"rotated":false,"trimmed":false,"spriteSourceSize":{"x":0,"y":0,"w":86,"h":184},"sourceSize":{"w":86,"h":184},"pivot":{"x":0.5,"y":0.5}},"NPC-1062.png":{"frame":{"x":195,"y":786,"w":70,"h":183},"rotated":false,"trimmed":false,"spriteSourceSize":{"x":0,"y":0,"w":70,"h":183},"sourceSize":{"w":70,"h":183},"pivot":{"x":0.5,"y":0.5}},"NPC-1028.png":{"frame":{"x":269,"y":783,"w":75,"h":181},"rotated":false,"trimmed":false,"spriteSourceSize":{"x":0,"y":0,"w":75,"h":181},"sourceSize":{"w":75,"h":181},"pivot":{"x":0.5,"y":0.5}},"NPC-1029.png":{"frame":{"x":741,"y":401,"w":61,"h":180},"rotated":false,"trimmed":false,"spriteSourceSize":{"x":0,"y":0,"w":61,"h":180},"sourceSize":{"w":61,"h":180},"pivot":{"x":0.5,"y":0.5}},"NPC-1075.png":{"frame":{"x":348,"y":726,"w":80,"h":174},"rotated":false,"trimmed":false,"spriteSourceSize":{"x":0,"y":0,"w":80,"h":174},"sourceSize":{"w":80,"h":174},"pivot":{"x":0.5,"y":0.5}},"NPC-1020.png":{"frame":{"x":657,"y":597,"w":80,"h":173},"rotated":false,"trimmed":false,"spriteSourceSize":{"x":0,"y":0,"w":80,"h":173},"sourceSize":{"w":80,"h":173},"pivot":{"x":0.5,"y":0.5}},"NPC-1072.png":{"frame":{"x":741,"y":585,"w":61,"h":169},"rotated":false,"trimmed":false,"spriteSourceSize":{"x":0,"y":0,"w":61,"h":169},"sourceSize":{"w":61,"h":169},"pivot":{"x":0.5,"y":0.5}},"NPC-1017.png":{"frame":{"x":432,"y":774,"w":64,"h":168},"rotated":false,"trimmed":false,"spriteSourceSize":{"x":0,"y":0,"w":64,"h":168},"sourceSize":{"w":64,"h":168},"pivot":{"x":0.5,"y":0.5}},"NPC-1065.png":{"frame":{"x":741,"y":758,"w":58,"h":168},"rotated":false,"trimmed":false,"spriteSourceSize":{"x":0,"y":0,"w":58,"h":168},"sourceSize":{"w":58,"h":168},"pivot":{"x":0.5,"y":0.5}},"NPC-959.png":{"frame":{"x":500,"y":774,"w":89,"h":168},"rotated":false,"trimmed":false,"spriteSourceSize":{"x":0,"y":0,"w":89,"h":168},"sourceSize":{"w":89,"h":168},"pivot":{"x":0.5,"y":0.5}},"NPC-960.png":{"frame":{"x":593,"y":774,"w":89,"h":168},"rotated":false,"trimmed":false,"spriteSourceSize":{"x":0,"y":0,"w":89,"h":168},"sourceSize":{"w":89,"h":168},"pivot":{"x":0.5,"y":0.5}},"NPC-1095.png":{"frame":{"x":807,"y":2,"w":92,"h":167},"rotated":false,"trimmed":false,"spriteSourceSize":{"x":0,"y":0,"w":92,"h":167},"sourceSize":{"w":92,"h":167},"pivot":{"x":0.5,"y":0.5}},"NPC-1030.png":{"frame":{"x":807,"y":173,"w":75,"h":162},"rotated":false,"trimmed":false,"spriteSourceSize":{"x":0,"y":0,"w":75,"h":162},"sourceSize":{"w":75,"h":162},"pivot":{"x":0.5,"y":0.5}},"NPC-957.png":{"frame":{"x":806,"y":339,"w":89,"h":162},"rotated":false,"trimmed":false,"spriteSourceSize":{"x":0,"y":0,"w":89,"h":162},"sourceSize":{"w":89,"h":162},"pivot":{"x":0.5,"y":0.5}},"NPC-958.png":{"frame":{"x":806,"y":505,"w":89,"h":162},"rotated":false,"trimmed":false,"spriteSourceSize":{"x":0,"y":0,"w":89,"h":162},"sourceSize":{"w":89,"h":162},"pivot":{"x":0.5,"y":0.5}},"NPC-1064.png":{"frame":{"x":806,"y":671,"w":58,"h":157},"rotated":false,"trimmed":false,"spriteSourceSize":{"x":0,"y":0,"w":58,"h":157},"sourceSize":{"w":58,"h":157},"pivot":{"x":0.5,"y":0.5}},"NPC-1080.png":{"frame":{"x":903,"y":2,"w":103,"h":157},"rotated":false,"trimmed":false,"spriteSourceSize":{"x":0,"y":0,"w":103,"h":157},"sourceSize":{"w":103,"h":157},"pivot":{"x":0.5,"y":0.5}},"NPC-1067.png":{"frame":{"x":886,"y":173,"w":58,"h":154},"rotated":false,"trimmed":false,"spriteSourceSize":{"x":0,"y":0,"w":58,"h":154},"sourceSize":{"w":58,"h":154},"pivot":{"x":0.5,"y":0.5}},"NPC-1019.png":{"frame":{"x":899,"y":331,"w":64,"h":148},"rotated":false,"trimmed":false,"spriteSourceSize":{"x":0,"y":0,"w":64,"h":148},"sourceSize":{"w":64,"h":148},"pivot":{"x":0.5,"y":0.5}},"NPC-1022.png":{"frame":{"x":686,"y":774,"w":49,"h":147},"rotated":false,"trimmed":false,"spriteSourceSize":{"x":0,"y":0,"w":49,"h":147},"sourceSize":{"w":49,"h":147},"pivot":{"x":0.5,"y":0.5}},"NPC-1021.png":{"frame":{"x":948,"y":163,"w":42,"h":145},"rotated":false,"trimmed":false,"spriteSourceSize":{"x":0,"y":0,"w":42,"h":145},"sourceSize":{"w":42,"h":145},"pivot":{"x":0.5,"y":0.5}},"NPC-1074.png":{"frame":{"x":899,"y":483,"w":68,"h":145},"rotated":false,"trimmed":false,"spriteSourceSize":{"x":0,"y":0,"w":68,"h":145},"sourceSize":{"w":68,"h":145},"pivot":{"x":0.5,"y":0.5}},"NPC-974.png":{"frame":{"x":899,"y":632,"w":66,"h":145},"rotated":false,"trimmed":false,"spriteSourceSize":{"x":0,"y":0,"w":66,"h":145},"sourceSize":{"w":66,"h":145},"pivot":{"x":0.5,"y":0.5}},"NPC-995.png":{"frame":{"x":868,"y":781,"w":67,"h":145},"rotated":false,"trimmed":false,"spriteSourceSize":{"x":0,"y":0,"w":67,"h":145},"sourceSize":{"w":67,"h":145},"pivot":{"x":0.5,"y":0.5}},"NPC-1066.png":{"frame":{"x":939,"y":781,"w":58,"h":144},"rotated":false,"trimmed":false,"spriteSourceSize":{"x":0,"y":0,"w":58,"h":144},"sourceSize":{"w":58,"h":144},"pivot":{"x":0.5,"y":0.5}},"NPC-1083.png":{"frame":{"x":348,"y":904,"w":80,"h":144},"rotated":false,"trimmed":false,"spriteSourceSize":{"x":0,"y":0,"w":80,"h":144},"sourceSize":{"w":80,"h":144},"pivot":{"x":0.5,"y":0.5}},"NPC-1069.png":{"frame":{"x":686,"y":925,"w":51,"h":142},"rotated":false,"trimmed":false,"spriteSourceSize":{"x":0,"y":0,"w":51,"h":142},"sourceSize":{"w":51,"h":142},"pivot":{"x":0.5,"y":0.5}},"NPC-973.png":{"frame":{"x":2,"y":978,"w":56,"h":142},"rotated":false,"trimmed":false,"spriteSourceSize":{"x":0,"y":0,"w":56,"h":142},"sourceSize":{"w":56,"h":142},"pivot":{"x":0.5,"y":0.5}},"NPC-994.png":{"frame":{"x":62,"y":978,"w":55,"h":142},"rotated":false,"trimmed":false,"spriteSourceSize":{"x":0,"y":0,"w":55,"h":142},"sourceSize":{"w":55,"h":142},"pivot":{"x":0.5,"y":0.5}},"NPC-993.png":{"frame":{"x":939,"y":929,"w":67,"h":140},"rotated":false,"trimmed":false,"spriteSourceSize":{"x":0,"y":0,"w":67,"h":140},"sourceSize":{"w":67,"h":140},"pivot":{"x":0.5,"y":0.5}},"NPC-1068.png":{"frame":{"x":121,"y":975,"w":44,"h":139},"rotated":false,"trimmed":false,"spriteSourceSize":{"x":0,"y":0,"w":44,"h":139},"sourceSize":{"w":44,"h":139},"pivot":{"x":0.5,"y":0.5}},"NPC-972.png":{"frame":{"x":169,"y":975,"w":66,"h":139},"rotated":false,"trimmed":false,"spriteSourceSize":{"x":0,"y":0,"w":66,"h":139},"sourceSize":{"w":66,"h":139},"pivot":{"x":0.5,"y":0.5}},"NPC-1079.png":{"frame":{"x":269,"y":968,"w":62,"h":136},"rotated":false,"trimmed":false,"spriteSourceSize":{"x":0,"y":0,"w":62,"h":136},"sourceSize":{"w":62,"h":136},"pivot":{"x":0.5,"y":0.5}},"NPC-971.png":{"frame":{"x":803,"y":832,"w":56,"h":136},"rotated":false,"trimmed":false,"spriteSourceSize":{"x":0,"y":0,"w":56,"h":136},"sourceSize":{"w":56,"h":136},"pivot":{"x":0.5,"y":0.5}},"NPC-992.png":{"frame":{"x":741,"y":930,"w":55,"h":136},"rotated":false,"trimmed":false,"spriteSourceSize":{"x":0,"y":0,"w":55,"h":136},"sourceSize":{"w":55,"h":136},"pivot":{"x":0.5,"y":0.5}},"NPC-1078.png":{"frame":{"x":800,"y":972,"w":50,"h":134},"rotated":false,"trimmed":false,"spriteSourceSize":{"x":0,"y":0,"w":50,"h":134},"sourceSize":{"w":50,"h":134},"pivot":{"x":0.5,"y":0.5}},"NPC-963.png":{"frame":{"x":863,"y":930,"w":64,"h":134},"rotated":false,"trimmed":false,"spriteSourceSize":{"x":0,"y":0,"w":64,"h":134},"sourceSize":{"w":64,"h":134},"pivot":{"x":0.5,"y":0.5}},"NPC-1042.png":{"frame":{"x":432,"y":946,"w":132,"h":82},"rotated":false,"trimmed":false,"spriteSourceSize":{"x":0,"y":0,"w":132,"h":82},"sourceSize":{"w":132,"h":82},"pivot":{"x":0.5,"y":0.5}},"NPC-1084.png":{"frame":{"x":432,"y":1032,"w":132,"h":82},"rotated":false,"trimmed":false,"spriteSourceSize":{"x":0,"y":0,"w":132,"h":82},"sourceSize":{"w":132,"h":82},"pivot":{"x":0.5,"y":0.5}},"NPC-1101.png":{"frame":{"x":1010,"y":2,"w":129,"h":100},"rotated":false,"trimmed":false,"spriteSourceSize":{"x":0,"y":0,"w":129,"h":100},"sourceSize":{"w":129,"h":100},"pivot":{"x":0.5,"y":0.5}},"NPC-1102.png":{"frame":{"x":1010,"y":106,"w":129,"h":99},"rotated":false,"trimmed":false,"spriteSourceSize":{"x":0,"y":0,"w":129,"h":99},"sourceSize":{"w":129,"h":99},"pivot":{"x":0.5,"y":0.5}},"NPC-964.png":{"frame":{"x":969,"y":632,"w":64,"h":129},"rotated":false,"trimmed":false,"spriteSourceSize":{"x":0,"y":0,"w":64,"h":129},"sourceSize":{"w":64,"h":129},"pivot":{"x":0.5,"y":0.5}},"NPC-1097.png":{"frame":{"x":1010,"y":765,"w":126,"h":102},"rotated":false,"trimmed":false,"spriteSourceSize":{"x":0,"y":0,"w":126,"h":102},"sourceSize":{"w":126,"h":102},"pivot":{"x":0.5,"y":0.5}},"NPC-966.png":{"frame":{"x":967,"y":312,"w":45,"h":125},"rotated":false,"trimmed":false,"spriteSourceSize":{"x":0,"y":0,"w":45,"h":125},"sourceSize":{"w":45,"h":125},"pivot":{"x":0.5,"y":0.5}},"NPC-968.png":{"frame":{"x":568,"y":946,"w":45,"h":125},"rotated":false,"trimmed":false,"spriteSourceSize":{"x":0,"y":0,"w":45,"h":125},"sourceSize":{"w":45,"h":125},"pivot":{"x":0.5,"y":0.5}},"NPC-998.png":{"frame":{"x":617,"y":946,"w":34,"h":123},"rotated":false,"trimmed":false,"spriteSourceSize":{"x":0,"y":0,"w":34,"h":123},"sourceSize":{"w":34,"h":123},"pivot":{"x":0.5,"y":0.5}},"NPC-976.png":{"frame":{"x":971,"y":441,"w":35,"h":122},"rotated":false,"trimmed":false,"spriteSourceSize":{"x":0,"y":0,"w":35,"h":122},"sourceSize":{"w":35,"h":122},"pivot":{"x":0.5,"y":0.5}},"NPC-985.png":{"frame":{"x":1037,"y":209,"w":78,"h":122},"rotated":false,"trimmed":false,"spriteSourceSize":{"x":0,"y":0,"w":78,"h":122},"sourceSize":{"w":78,"h":122},"pivot":{"x":0.5,"y":0.5}},"NPC-997.png":{"frame":{"x":1010,"y":441,"w":35,"h":122},"rotated":false,"trimmed":false,"spriteSourceSize":{"x":0,"y":0,"w":35,"h":122},"sourceSize":{"w":35,"h":122},"pivot":{"x":0.5,"y":0.5}},"NPC-1031.png":{"frame":{"x":1016,"y":335,"w":121,"h":63},"rotated":false,"trimmed":false,"spriteSourceSize":{"x":0,"y":0,"w":121,"h":63},"sourceSize":{"w":121,"h":63},"pivot":{"x":0.5,"y":0.5}},"NPC-1100.png":{"frame":{"x":1049,"y":402,"w":89,"h":121},"rotated":false,"trimmed":false,"spriteSourceSize":{"x":0,"y":0,"w":89,"h":121},"sourceSize":{"w":89,"h":121},"pivot":{"x":0.5,"y":0.5}},"NPC-956.png":{"frame":{"x":568,"y":1075,"w":121,"h":45},"rotated":false,"trimmed":false,"spriteSourceSize":{"x":0,"y":0,"w":121,"h":45},"sourceSize":{"w":121,"h":45},"pivot":{"x":0.5,"y":0.5}},"NPC-977.png":{"frame":{"x":1049,"y":527,"w":42,"h":121},"rotated":false,"trimmed":false,"spriteSourceSize":{"x":0,"y":0,"w":42,"h":121},"sourceSize":{"w":42,"h":121},"pivot":{"x":0.5,"y":0.5}},"NPC-1037.png":{"frame":{"x":1010,"y":871,"w":103,"h":120},"rotated":false,"trimmed":false,"spriteSourceSize":{"x":0,"y":0,"w":103,"h":120},"sourceSize":{"w":103,"h":120},"pivot":{"x":0.5,"y":0.5}},"NPC-1039.png":{"frame":{"x":1010,"y":995,"w":69,"h":120},"rotated":false,"trimmed":false,"spriteSourceSize":{"x":0,"y":0,"w":69,"h":120},"sourceSize":{"w":69,"h":120},"pivot":{"x":0.5,"y":0.5}},"NPC-1096.png":{"frame":{"x":2,"y":1124,"w":116,"h":65},"rotated":false,"trimmed":false,"spriteSourceSize":{"x":0,"y":0,"w":116,"h":65},"sourceSize":{"w":116,"h":65},"pivot":{"x":0.5,"y":0.5}},"NPC-1004.png":{"frame":{"x":854,"y":1073,"w":46,"h":115},"rotated":false,"trimmed":false,"spriteSourceSize":{"x":0,"y":0,"w":46,"h":115},"sourceSize":{"w":46,"h":115},"pivot":{"x":0.5,"y":0.5}},"NPC-1006.png":{"frame":{"x":904,"y":1073,"w":46,"h":115},"rotated":false,"trimmed":false,"spriteSourceSize":{"x":0,"y":0,"w":46,"h":115},"sourceSize":{"w":46,"h":115},"pivot":{"x":0.5,"y":0.5}},"NPC-1036.png":{"frame":{"x":693,"y":1071,"w":103,"h":115},"rotated":false,"trimmed":false,"spriteSourceSize":{"x":0,"y":0,"w":103,"h":115},"sourceSize":{"w":103,"h":115},"pivot":{"x":0.5,"y":0.5}},"NPC-984.png":{"frame":{"x":335,"y":1052,"w":68,"h":113},"rotated":false,"trimmed":false,"spriteSourceSize":{"x":0,"y":0,"w":68,"h":113},"sourceSize":{"w":68,"h":113},"pivot":{"x":0.5,"y":0.5}},"NPC-1003.png":{"frame":{"x":1037,"y":652,"w":40,"h":109},"rotated":false,"trimmed":false,"spriteSourceSize":{"x":0,"y":0,"w":40,"h":109},"sourceSize":{"w":40,"h":109},"pivot":{"x":0.5,"y":0.5}},"NPC-1005.png":{"frame":{"x":1081,"y":652,"w":40,"h":109},"rotated":false,"trimmed":false,"spriteSourceSize":{"x":0,"y":0,"w":40,"h":109},"sourceSize":{"w":40,"h":109},"pivot":{"x":0.5,"y":0.5}},"NPC-1038.png":{"frame":{"x":1143,"y":2,"w":93,"h":109},"rotated":false,"trimmed":false,"spriteSourceSize":{"x":0,"y":0,"w":93,"h":109},"sourceSize":{"w":93,"h":109},"pivot":{"x":0.5,"y":0.5}},"NPC-1081.png":{"frame":{"x":1143,"y":115,"w":86,"h":109},"rotated":false,"trimmed":false,"spriteSourceSize":{"x":0,"y":0,"w":86,"h":109},"sourceSize":{"w":86,"h":109},"pivot":{"x":0.5,"y":0.5}},"NPC-965.png":{"frame":{"x":954,"y":1073,"w":38,"h":109},"rotated":false,"trimmed":false,"spriteSourceSize":{"x":0,"y":0,"w":38,"h":109},"sourceSize":{"w":38,"h":109},"pivot":{"x":0.5,"y":0.5}},"NPC-967.png":{"frame":{"x":1095,"y":527,"w":38,"h":109},"rotated":false,"trimmed":false,"spriteSourceSize":{"x":0,"y":0,"w":38,"h":109},"sourceSize":{"w":38,"h":109},"pivot":{"x":0.5,"y":0.5}},"NPC-1082.png":{"frame":{"x":1142,"y":228,"w":92,"h":108},"rotated":false,"trimmed":false,"spriteSourceSize":{"x":0,"y":0,"w":92,"h":108},"sourceSize":{"w":92,"h":108},"pivot":{"x":0.5,"y":0.5}},"NPC-1109.png":{"frame":{"x":1142,"y":340,"w":94,"h":105},"rotated":false,"trimmed":false,"spriteSourceSize":{"x":0,"y":0,"w":94,"h":105},"sourceSize":{"w":94,"h":105},"pivot":{"x":0.5,"y":0.5}},"NPC-1052.png":{"frame":{"x":1140,"y":527,"w":95,"h":101},"rotated":false,"trimmed":false,"spriteSourceSize":{"x":0,"y":0,"w":95,"h":101},"sourceSize":{"w":95,"h":101},"pivot":{"x":0.5,"y":0.5}},"NPC-1008.png":{"frame":{"x":411,"y":523,"w":28,"h":100},"rotated":false,"trimmed":false,"spriteSourceSize":{"x":0,"y":0,"w":28,"h":100},"sourceSize":{"w":28,"h":100},"pivot":{"x":0.5,"y":0.5}},"NPC-1035.png":{"frame":{"x":1140,"y":632,"w":78,"h":100},"rotated":false,"trimmed":false,"spriteSourceSize":{"x":0,"y":0,"w":78,"h":100},"sourceSize":{"w":78,"h":100},"pivot":{"x":0.5,"y":0.5}},"NPC-1007.png":{"frame":{"x":868,"y":671,"w":27,"h":98},"rotated":false,"trimmed":false,"spriteSourceSize":{"x":0,"y":0,"w":27,"h":98},"sourceSize":{"w":27,"h":98},"pivot":{"x":0.5,"y":0.5}},"NPC-969.png":{"frame":{"x":655,"y":946,"w":27,"h":98},"rotated":false,"trimmed":false,"spriteSourceSize":{"x":0,"y":0,"w":27,"h":98},"sourceSize":{"w":27,"h":98},"pivot":{"x":0.5,"y":0.5}},"NPC-1040.png":{"frame":{"x":1140,"y":736,"w":83,"h":97},"rotated":false,"trimmed":false,"spriteSourceSize":{"x":0,"y":0,"w":83,"h":97},"sourceSize":{"w":83,"h":97},"pivot":{"x":0.5,"y":0.5}},"NPC-1041.png":{"frame":{"x":1140,"y":837,"w":78,"h":97},"rotated":false,"trimmed":false,"spriteSourceSize":{"x":0,"y":0,"w":78,"h":97},"sourceSize":{"w":78,"h":97},"pivot":{"x":0.5,"y":0.5}},"NPC-970.png":{"frame":{"x":411,"y":627,"w":27,"h":94},"rotated":false,"trimmed":false,"spriteSourceSize":{"x":0,"y":0,"w":27,"h":94},"sourceSize":{"w":27,"h":94},"pivot":{"x":0.5,"y":0.5}},"NPC-1032.png":{"frame":{"x":1117,"y":938,"w":84,"h":93},"rotated":false,"trimmed":false,"spriteSourceSize":{"x":0,"y":0,"w":84,"h":93},"sourceSize":{"w":84,"h":93},"pivot":{"x":0.5,"y":0.5}},"NPC-1098.png":{"frame":{"x":1083,"y":1035,"w":82,"h":86},"rotated":false,"trimmed":false,"spriteSourceSize":{"x":0,"y":0,"w":82,"h":86},"sourceSize":{"w":82,"h":86},"pivot":{"x":0.5,"y":0.5}},"NPC-1014.png":{"frame":{"x":239,"y":1108,"w":77,"h":83},"rotated":false,"trimmed":false,"spriteSourceSize":{"x":0,"y":0,"w":77,"h":83},"sourceSize":{"w":77,"h":83},"pivot":{"x":0.5,"y":0.5}},"NPC-1045.png":{"frame":{"x":2,"y":1195,"w":82,"h":83},"rotated":false,"trimmed":false,"spriteSourceSize":{"x":0,"y":0,"w":82,"h":83},"sourceSize":{"w":82,"h":83},"pivot":{"x":0.5,"y":0.5}},"NPC-1046.png":{"frame":{"x":996,"y":1119,"w":82,"h":50},"rotated":false,"trimmed":false,"spriteSourceSize":{"x":0,"y":0,"w":82,"h":50},"sourceSize":{"w":82,"h":50},"pivot":{"x":0.5,"y":0.5}},"NPC-1087.png":{"frame":{"x":88,"y":1195,"w":78,"h":81},"rotated":false,"trimmed":false,"spriteSourceSize":{"x":0,"y":0,"w":78,"h":81},"sourceSize":{"w":78,"h":81},"pivot":{"x":0.5,"y":0.5}},"NPC-1009.png":{"frame":{"x":170,"y":1195,"w":57,"h":80},"rotated":false,"trimmed":false,"spriteSourceSize":{"x":0,"y":0,"w":57,"h":80},"sourceSize":{"w":57,"h":80},"pivot":{"x":0.5,"y":0.5}},"NPC-1099.png":{"frame":{"x":231,"y":1195,"w":77,"h":78},"rotated":false,"trimmed":false,"spriteSourceSize":{"x":0,"y":0,"w":77,"h":78},"sourceSize":{"w":77,"h":78},"pivot":{"x":0.5,"y":0.5}},"NPC-1103.png":{"frame":{"x":1142,"y":449,"w":78,"h":43},"rotated":false,"trimmed":false,"spriteSourceSize":{"x":0,"y":0,"w":78,"h":43},"sourceSize":{"w":78,"h":43},"pivot":{"x":0.5,"y":0.5}},"NPC-1034.png":{"frame":{"x":312,"y":1195,"w":70,"h":76},"rotated":false,"trimmed":false,"spriteSourceSize":{"x":0,"y":0,"w":70,"h":76},"sourceSize":{"w":70,"h":76},"pivot":{"x":0.5,"y":0.5}},"NPC-1110.png":{"frame":{"x":122,"y":1118,"w":75,"h":70},"rotated":false,"trimmed":false,"spriteSourceSize":{"x":0,"y":0,"w":75,"h":70},"sourceSize":{"w":75,"h":70},"pivot":{"x":0.5,"y":0.5}},"NPC-1077.png":{"frame":{"x":800,"y":1110,"w":48,"h":74},"rotated":false,"trimmed":false,"spriteSourceSize":{"x":0,"y":0,"w":48,"h":74},"sourceSize":{"w":48,"h":74},"pivot":{"x":0.5,"y":0.5}},"NPC-1033.png":{"frame":{"x":386,"y":1192,"w":71,"h":73},"rotated":false,"trimmed":false,"spriteSourceSize":{"x":0,"y":0,"w":71,"h":73},"sourceSize":{"w":71,"h":73},"pivot":{"x":0.5,"y":0.5}},"NPC-975.png":{"frame":{"x":971,"y":567,"w":72,"h":44},"rotated":false,"trimmed":false,"spriteSourceSize":{"x":0,"y":0,"w":72,"h":44},"sourceSize":{"w":72,"h":44},"pivot":{"x":0.5,"y":0.5}},"NPC-1053.png":{"frame":{"x":1169,"y":1035,"w":66,"h":71},"rotated":false,"trimmed":false,"spriteSourceSize":{"x":0,"y":0,"w":66,"h":71},"sourceSize":{"w":66,"h":71},"pivot":{"x":0.5,"y":0.5}},"NPC-1010.png":{"frame":{"x":407,"y":1118,"w":46,"h":70},"rotated":false,"trimmed":false,"spriteSourceSize":{"x":0,"y":0,"w":46,"h":70},"sourceSize":{"w":46,"h":70},"pivot":{"x":0.5,"y":0.5}},"NPC-1012.png":{"frame":{"x":457,"y":1118,"w":56,"h":69},"rotated":false,"trimmed":false,"spriteSourceSize":{"x":0,"y":0,"w":56,"h":69},"sourceSize":{"w":56,"h":69},"pivot":{"x":0.5,"y":0.5}},"NPC-1011.png":{"frame":{"x":1169,"y":1110,"w":59,"h":68},"rotated":false,"trimmed":false,"spriteSourceSize":{"x":0,"y":0,"w":59,"h":68},"sourceSize":{"w":59,"h":68},"pivot":{"x":0.5,"y":0.5}},"NPC-1048.png":{"frame":{"x":432,"y":729,"w":68,"h":36},"rotated":false,"trimmed":false,"spriteSourceSize":{"x":0,"y":0,"w":68,"h":36},"sourceSize":{"w":68,"h":36},"pivot":{"x":0.5,"y":0.5}},"NPC-982.png":{"frame":{"x":518,"y":710,"w":67,"h":58},"rotated":false,"trimmed":false,"spriteSourceSize":{"x":0,"y":0,"w":67,"h":58},"sourceSize":{"w":67,"h":58},"pivot":{"x":0.5,"y":0.5}},"NPC-983.png":{"frame":{"x":1082,"y":1125,"w":67,"h":58},"rotated":false,"trimmed":false,"spriteSourceSize":{"x":0,"y":0,"w":67,"h":58},"sourceSize":{"w":67,"h":58},"pivot":{"x":0.5,"y":0.5}},"NPC-1108.png":{"frame":{"x":996,"y":1173,"w":66,"h":48},"rotated":false,"trimmed":false,"spriteSourceSize":{"x":0,"y":0,"w":66,"h":48},"sourceSize":{"w":66,"h":48},"pivot":{"x":0.5,"y":0.5}},"NPC-980.png":{"frame":{"x":1153,"y":1182,"w":66,"h":54},"rotated":false,"trimmed":false,"spriteSourceSize":{"x":0,"y":0,"w":66,"h":54},"sourceSize":{"w":66,"h":54},"pivot":{"x":0.5,"y":0.5}},"NPC-1104.png":{"frame":{"x":461,"y":1192,"w":60,"h":64},"rotated":false,"trimmed":false,"spriteSourceSize":{"x":0,"y":0,"w":60,"h":64},"sourceSize":{"w":60,"h":64},"pivot":{"x":0.5,"y":0.5}},"NPC-981.png":{"frame":{"x":517,"y":1124,"w":42,"h":64},"rotated":false,"trimmed":false,"spriteSourceSize":{"x":0,"y":0,"w":42,"h":64},"sourceSize":{"w":42,"h":64},"pivot":{"x":0.5,"y":0.5}},"NPC-988.png":{"frame":{"x":589,"y":710,"w":64,"h":40},"rotated":false,"trimmed":false,"spriteSourceSize":{"x":0,"y":0,"w":64,"h":40},"sourceSize":{"w":64,"h":40},"pivot":{"x":0.5,"y":0.5}},"NPC-1013.png":{"frame":{"x":525,"y":1225,"w":63,"h":53},"rotated":false,"trimmed":false,"spriteSourceSize":{"x":0,"y":0,"w":63,"h":53},"sourceSize":{"w":63,"h":53},"pivot":{"x":0.5,"y":0.5}},"NPC-1049.png":{"frame":{"x":800,"y":1188,"w":44,"h":63},"rotated":false,"trimmed":false,"spriteSourceSize":{"x":0,"y":0,"w":44,"h":63},"sourceSize":{"w":44,"h":63},"pivot":{"x":0.5,"y":0.5}},"NPC-1107.png":{"frame":{"x":848,"y":1225,"w":62,"h":45},"rotated":false,"trimmed":false,"spriteSourceSize":{"x":0,"y":0,"w":62,"h":45},"sourceSize":{"w":62,"h":45},"pivot":{"x":0.5,"y":0.5}},"NPC-1105.png":{"frame":{"x":914,"y":1192,"w":52,"h":60},"rotated":false,"trimmed":false,"spriteSourceSize":{"x":0,"y":0,"w":52,"h":60},"sourceSize":{"w":52,"h":60},"pivot":{"x":0.5,"y":0.5}},"NPC-962.png":{"frame":{"x":592,"y":1190,"w":49,"h":60},"rotated":false,"trimmed":false,"spriteSourceSize":{"x":0,"y":0,"w":49,"h":60},"sourceSize":{"w":49,"h":60},"pivot":{"x":0.5,"y":0.5}},"NPC-987.png":{"frame":{"x":563,"y":1124,"w":53,"h":60},"rotated":false,"trimmed":false,"spriteSourceSize":{"x":0,"y":0,"w":53,"h":60},"sourceSize":{"w":53,"h":60},"pivot":{"x":0.5,"y":0.5}},"NPC-989.png":{"frame":{"x":620,"y":1124,"w":45,"h":57},"rotated":false,"trimmed":false,"spriteSourceSize":{"x":0,"y":0,"w":45,"h":57},"sourceSize":{"w":45,"h":57},"pivot":{"x":0.5,"y":0.5}},"NPC-1050.png":{"frame":{"x":645,"y":1190,"w":48,"h":56},"rotated":false,"trimmed":false,"spriteSourceSize":{"x":0,"y":0,"w":48,"h":56},"sourceSize":{"w":48,"h":56},"pivot":{"x":0.5,"y":0.5}},"NPC-978.png":{"frame":{"x":697,"y":1190,"w":49,"h":55},"rotated":false,"trimmed":false,"spriteSourceSize":{"x":0,"y":0,"w":49,"h":55},"sourceSize":{"w":49,"h":55},"pivot":{"x":0.5,"y":0.5}},"NPC-979.png":{"frame":{"x":1066,"y":1187,"w":53,"h":55},"rotated":false,"trimmed":false,"spriteSourceSize":{"x":0,"y":0,"w":53,"h":55},"sourceSize":{"w":53,"h":55},"pivot":{"x":0.5,"y":0.5}},"NPC-1076.png":{"frame":{"x":750,"y":1190,"w":44,"h":54},"rotated":false,"trimmed":false,"spriteSourceSize":{"x":0,"y":0,"w":44,"h":54},"sourceSize":{"w":44,"h":54},"pivot":{"x":0.5,"y":0.5}},"NPC-986.png":{"frame":{"x":1240,"y":2,"w":48,"h":54},"rotated":false,"trimmed":false,"spriteSourceSize":{"x":0,"y":0,"w":48,"h":54},"sourceSize":{"w":48,"h":54},"pivot":{"x":0.5,"y":0.5}},"NPC-990.png":{"frame":{"x":1240,"y":60,"w":41,"h":54},"rotated":false,"trimmed":false,"spriteSourceSize":{"x":0,"y":0,"w":41,"h":54},"sourceSize":{"w":41,"h":54},"pivot":{"x":0.5,"y":0.5}},"NPC-991.png":{"frame":{"x":1233,"y":118,"w":53,"h":39},"rotated":false,"trimmed":false,"spriteSourceSize":{"x":0,"y":0,"w":53,"h":39},"sourceSize":{"w":53,"h":39},"pivot":{"x":0.5,"y":0.5}},"NPC-1015.png":{"frame":{"x":1240,"y":161,"w":48,"h":52},"rotated":false,"trimmed":false,"spriteSourceSize":{"x":0,"y":0,"w":48,"h":52},"sourceSize":{"w":48,"h":52},"pivot":{"x":0.5,"y":0.5}},"NPC-1051.png":{"frame":{"x":1232,"y":1110,"w":51,"h":40},"rotated":false,"trimmed":false,"spriteSourceSize":{"x":0,"y":0,"w":51,"h":40},"sourceSize":{"w":51,"h":40},"pivot":{"x":0.5,"y":0.5}},"NPC-961.png":{"frame":{"x":970,"y":1225,"w":43,"h":48},"rotated":false,"trimmed":false,"spriteSourceSize":{"x":0,"y":0,"w":43,"h":48},"sourceSize":{"w":43,"h":48},"pivot":{"x":0.5,"y":0.5}},"NPC-1047.png":{"frame":{"x":1017,"y":1225,"w":45,"h":45},"rotated":false,"trimmed":false,"spriteSourceSize":{"x":0,"y":0,"w":45,"h":45},"sourceSize":{"w":45,"h":45},"pivot":{"x":0.5,"y":0.5}},"NPC-1016.png":{"frame":{"x":994,"y":209,"w":35,"h":41},"rotated":false,"trimmed":false,"spriteSourceSize":{"x":0,"y":0,"w":35,"h":41},"sourceSize":{"w":35,"h":41},"pivot":{"x":0.5,"y":0.5}},"NPC-1054.png":{"frame":{"x":1123,"y":1240,"w":41,"h":37},"rotated":false,"trimmed":false,"spriteSourceSize":{"x":0,"y":0,"w":41,"h":37},"sourceSize":{"w":41,"h":37},"pivot":{"x":0.5,"y":0.5}},"NPC-1111.png":{"frame":{"x":310,"y":726,"w":34,"h":37},"rotated":false,"trimmed":false,"spriteSourceSize":{"x":0,"y":0,"w":34,"h":37},"sourceSize":{"w":34,"h":37},"pivot":{"x":0.5,"y":0.5}},"NPC-1063.png":{"frame":{"x":1016,"y":335,"w":121,"h":63},"rotated":false,"trimmed":false,"spriteSourceSize":{"x":0,"y":0,"w":121,"h":63},"sourceSize":{"w":121,"h":63},"pivot":{"x":0.5,"y":0.5}},"NPC-996.png":{"frame":{"x":971,"y":567,"w":72,"h":44},"rotated":false,"trimmed":false,"spriteSourceSize":{"x":0,"y":0,"w":72,"h":44},"sourceSize":{"w":72,"h":44},"pivot":{"x":0.5,"y":0.5}}},"meta":{"app":"http://github.com/odrick/free-tex-packer-core","version":"0.1.9","image":"k.png","format":"RGBA8888","size":{"w":2048,"h":2048},"scale":1}}