{"frames":{"start-placeholder-explorer-guy-vehicle.png":{"frame":{"x":2,"y":2,"w":405,"h":392},"rotated":false,"trimmed":false,"spriteSourceSize":{"x":0,"y":0,"w":405,"h":392},"sourceSize":{"w":405,"h":392},"pivot":{"x":0.5,"y":0.5}},"start-placeholder-wheelchair-guy-background.png":{"frame":{"x":2,"y":398,"w":280,"h":393},"rotated":false,"trimmed":false,"spriteSourceSize":{"x":0,"y":0,"w":280,"h":393},"sourceSize":{"w":280,"h":393},"pivot":{"x":0.5,"y":0.5}},"start-placeholder-wheelchair-guy-vehicle.png":{"frame":{"x":411,"y":2,"w":353,"h":315},"rotated":false,"trimmed":false,"spriteSourceSize":{"x":0,"y":0,"w":353,"h":315},"sourceSize":{"w":353,"h":315},"pivot":{"x":0.5,"y":0.5}},"start-placeholder-segway-guy-vehicle.png":{"frame":{"x":286,"y":398,"w":166,"h":338},"rotated":false,"trimmed":false,"spriteSourceSize":{"x":0,"y":0,"w":166,"h":338},"sourceSize":{"w":166,"h":338},"pivot":{"x":0.5,"y":0.5}},"start-placeholder-irresponsible-mom-foreground.png":{"frame":{"x":456,"y":321,"w":192,"h":329},"rotated":false,"trimmed":false,"spriteSourceSize":{"x":0,"y":0,"w":192,"h":329},"sourceSize":{"w":192,"h":329},"pivot":{"x":0.5,"y":0.5}},"trash-can-squashed-sides.png":{"frame":{"x":768,"y":2,"w":137,"h":294},"rotated":false,"trimmed":false,"spriteSourceSize":{"x":0,"y":0,"w":137,"h":294},"sourceSize":{"w":137,"h":294},"pivot":{"x":0.5,"y":0.5}},"start-placeholder-mopec-couple-background.png":{"frame":{"x":652,"y":321,"w":217,"h":278},"rotated":false,"trimmed":false,"spriteSourceSize":{"x":0,"y":0,"w":217,"h":278},"sourceSize":{"w":217,"h":278},"pivot":{"x":0.5,"y":0.5}},"start-placeholder-irresponsible-dad-foreground.png":{"frame":{"x":2,"y":795,"w":234,"h":268},"rotated":false,"trimmed":false,"spriteSourceSize":{"x":0,"y":0,"w":234,"h":268},"sourceSize":{"w":234,"h":268},"pivot":{"x":0.5,"y":0.5}},"start-placeholder-moped-couple-foreground.png":{"frame":{"x":240,"y":795,"w":190,"h":267},"rotated":false,"trimmed":true,"spriteSourceSize":{"x":33,"y":0,"w":190,"h":267},"sourceSize":{"w":223,"h":267},"pivot":{"x":0.5,"y":0.5}}},"meta":{"app":"http://github.com/odrick/free-tex-packer-core","version":"0.1.9","image":"p.png","format":"RGBA8888","size":{"w":2048,"h":2048},"scale":1}}